provider_id,merchant_name,address,road,ward_id,district_id,city_id,description,keyword,hotline,tax_code,price_range,avatar,cover_picture,facade_photo,latitude,longitude,estimated_cooking_time,status,erc,rush_hour,order_totals,user_id,owner_id,current_form,registered_at,update_at,delete_at
1000047,McDonald's (675 Upper James Street),135,Hai Bà Trưng,1,2,3,,abc,0123456789,9876543210,1.59-3.69,https://cn-geo1.uber.com/image-proc/resize/eats/format=webp/width=550/height=440/quality=70/srcb64=aHR0cHM6Ly9kMXJhbHNvZ25qbmczNy5jbG91ZGZyb250Lm5ldC8yZTE0OTk1Yy05ZThiLTQzMDUtOTJhYi1hMGE4Njg0N2UzNjAuanBlZw==,https://encrypted-tbn0.gstatic.com/images?q=tbn:ANd9GcSDbdE3wNH9nQqdx7FDXPgKBYDkCka871-Jpw&usqp=CAU,https://frameru.com/wp-content/uploads/2021/06/Restaurant-facade-logo-mockup.jpg,10.783556,106.6972911,30,1,https://media-cdn.tripadvisor.com/media/photo-s/13/e5/43/22/fb-img-1532845074912.jpg,03:45:12,500,1000002,1000000,5,2018-11-21 15:53:12,2018-11-21 15:53:12,
1000033,HAMBRGR Downtown,5,Hồ Hảo Hớn,1,2,3,You've found one of the hottest delivery spots in Hamilton on Uber Eats. Wondering what's recommended here? The Biggie Mac is one of the most popular items among the 80 things on the menu and the Canned Pop and the Classic Burger are two of the items most commonly ordered together at this evening go-to.,abc,0123456789,9876543210,9.0-16.0,https://cn-geo1.uber.com/image-proc/resize/eats/format=webp/width=550/height=440/quality=70/srcb64=aHR0cHM6Ly9kMXJhbHNvZ25qbmczNy5jbG91ZGZyb250Lm5ldC9jZjlmMjdlYS1hZTNhLTQ0YjgtYmI4NS02MGJmY2IxZGZlNWQuanBlZw==,https://encrypted-tbn0.gstatic.com/images?q=tbn:ANd9GcSDbdE3wNH9nQqdx7FDXPgKBYDkCka871-Jpw&usqp=CAU,https://frameru.com/wp-content/uploads/2021/06/Restaurant-facade-logo-mockup.jpg,10.761141,106.692492,30,1,https://media-cdn.tripadvisor.com/media/photo-s/13/e5/43/22/fb-img-1532845074912.jpg,03:45:12,500,1000004,1000001,5,2019-04-18 09:22:33,2019-04-18 09:22:33,
1000061,Popeyes Louisiana Kitchen (11 King St E),45,Công Trường Mê Linh,1,2,3,,abc,0123456789,9876543210,3.79-14.49,https://cn-geo1.uber.com/image-proc/resize/eats/format=webp/width=550/height=440/quality=70/srcb64=aHR0cHM6Ly9kMXJhbHNvZ25qbmczNy5jbG91ZGZyb250Lm5ldC9mMzhhM2ZhZC02NTlhLTQxYTEtYWY2NS1mZjUzN2ZiNWQxZmEuanBlZw==,https://encrypted-tbn0.gstatic.com/images?q=tbn:ANd9GcSDbdE3wNH9nQqdx7FDXPgKBYDkCka871-Jpw&usqp=CAU,https://frameru.com/wp-content/uploads/2021/06/Restaurant-facade-logo-mockup.jpg,10.7757667,106.7066375,30,1,https://media-cdn.tripadvisor.com/media/photo-s/13/e5/43/22/fb-img-1532845074912.jpg,03:45:12,500,1000015,1000002,5,2021-11-01 05:56:59,2021-11-01 05:56:59,
1000102,Wendy's (244 Hwy 20 South),163,Phan Tôn,1,2,3,"Wish you could ask someone what's best here? Of the 80 items on the menu at this midday go-to, the Spicy Chicken Sandwich Combo is one of the items that gets the most orders.",abc,0123456789,9876543210,2.74-9.89,https://cn-geo1.uber.com/image-proc/resize/eats/format=webp/width=550/height=440/quality=70/srcb64=aHR0cHM6Ly9kMXJhbHNvZ25qbmczNy5jbG91ZGZyb250Lm5ldC9kMGVkMmVkYi1hMDdhLTQwNjMtOGQ1ZS1iOGM3YjEzMWI3ZTguanBlZw==,https://encrypted-tbn0.gstatic.com/images?q=tbn:ANd9GcSDbdE3wNH9nQqdx7FDXPgKBYDkCka871-Jpw&usqp=CAU,https://frameru.com/wp-content/uploads/2021/06/Restaurant-facade-logo-mockup.jpg,10.7904768,106.6955081,30,1,https://media-cdn.tripadvisor.com/media/photo-s/13/e5/43/22/fb-img-1532845074912.jpg,03:45:12,500,1000017,1000003,5,2018-10-15 12:22:05,2018-10-15 12:22:05,
1000094,The Ship,50,Calmette,1,2,3,,abc,0123456789,9876543210,9.0-18.0,https://cn-geo1.uber.com/image-proc/resize/eats/format=webp/width=550/height=440/quality=70/srcb64=aHR0cHM6Ly9kMXJhbHNvZ25qbmczNy5jbG91ZGZyb250Lm5ldC83ZWZhOGI5Yi1hYTcwLTRlYzUtYTM3MC00NWI2Y2VmNDUxMWEuanBlZw==,https://encrypted-tbn0.gstatic.com/images?q=tbn:ANd9GcSDbdE3wNH9nQqdx7FDXPgKBYDkCka871-Jpw&usqp=CAU,https://frameru.com/wp-content/uploads/2021/06/Restaurant-facade-logo-mockup.jpg,10.7698551,106.69775,30,1,https://media-cdn.tripadvisor.com/media/photo-s/13/e5/43/22/fb-img-1532845074912.jpg,03:45:12,500,1000018,1000004,5,2019-01-31 07:19:31,2019-01-31 07:19:31,
1000036,HEAL Wellness,102,Trịnh Văn Cấn,1,2,3,,abc,0123456789,9876543210,10.0-15.0,https://cn-geo1.uber.com/image-proc/resize/eats/format=webp/width=550/height=440/quality=70/srcb64=aHR0cHM6Ly9kMXJhbHNvZ25qbmczNy5jbG91ZGZyb250Lm5ldC8zNjNmNGE4OS04ZTUzLTQxMjUtYWIyNC0zNzUyYzMyMzc0OWIuanBlZw==,https://encrypted-tbn0.gstatic.com/images?q=tbn:ANd9GcSDbdE3wNH9nQqdx7FDXPgKBYDkCka871-Jpw&usqp=CAU,https://frameru.com/wp-content/uploads/2021/06/Restaurant-facade-logo-mockup.jpg,10.7670444,106.6959095,30,1,https://media-cdn.tripadvisor.com/media/photo-s/13/e5/43/22/fb-img-1532845074912.jpg,03:45:12,500,1000019,1000005,5,2021-08-22 14:11:56,2021-08-22 14:11:56,
1000012,Booster Juice (King St. W),227,Nguyễn Trung Ngạn,1,2,3,,abc,0123456789,9876543210,5.6-8.46,https://cn-geo1.uber.com/image-proc/resize/eats/format=webp/width=550/height=440/quality=70/srcb64=aHR0cHM6Ly9kMXJhbHNvZ25qbmczNy5jbG91ZGZyb250Lm5ldC8wOGI2ODM1Ni02NmEwLTQxYjYtYmVkOC0yZTBmYjhjNjhkZTIuanBlZw==,https://encrypted-tbn0.gstatic.com/images?q=tbn:ANd9GcSDbdE3wNH9nQqdx7FDXPgKBYDkCka871-Jpw&usqp=CAU,https://frameru.com/wp-content/uploads/2021/06/Restaurant-facade-logo-mockup.jpg,10.7842457,106.7057671,30,1,https://media-cdn.tripadvisor.com/media/photo-s/13/e5/43/22/fb-img-1532845074912.jpg,03:45:12,500,1000020,1000006,5,2022-01-01 01:49:24,2022-01-01 01:49:24,
1000031,Green Bar (James St),208,Lê Duẩn,1,2,3,"You might be wondering what's popular here at this midday go-to. Of the 100 items on the menu, the Super Og Bowl is one of the things that gets the most orders.",abc,0123456789,9876543210,4.65-9.95,https://cn-geo1.uber.com/image-proc/resize/eats/format=webp/width=550/height=440/quality=70/srcb64=aHR0cHM6Ly9kdXl0NGg5bmZuajUwLmNsb3VkZnJvbnQubmV0L3Jlc2l6ZWQvMGIzYTllZmMxZjU1MjJhY2IyYjI3YWQxOGQ4YzcxZmQtdzU1MC02NS5qcGc=,https://encrypted-tbn0.gstatic.com/images?q=tbn:ANd9GcSDbdE3wNH9nQqdx7FDXPgKBYDkCka871-Jpw&usqp=CAU,https://frameru.com/wp-content/uploads/2021/06/Restaurant-facade-logo-mockup.jpg,10.7863911,106.7042083,30,1,https://media-cdn.tripadvisor.com/media/photo-s/13/e5/43/22/fb-img-1532845074912.jpg,03:45:12,500,1000021,1000007,5,2020-03-19 13:50:56,2020-03-19 13:50:56,
1000028,Freshii (2 King St W #100),12,Phan Liêm,1,2,3,"Wondering what's best here at this midday go-to? Of the 110 things on the menu, the Peanut Butter Energii Bites is one of the items that gets the most orders.",abc,0123456789,9876543210,4.79-11.39,https://cn-geo1.uber.com/image-proc/resize/eats/format=webp/width=550/height=440/quality=70/srcb64=aHR0cHM6Ly9kMXJhbHNvZ25qbmczNy5jbG91ZGZyb250Lm5ldC9lMTUwYzg1Mi0wZWU5LTQzM2QtYWYzOC0xZjcyYjdjODlhNjYuanBlZw==,https://encrypted-tbn0.gstatic.com/images?q=tbn:ANd9GcSDbdE3wNH9nQqdx7FDXPgKBYDkCka871-Jpw&usqp=CAU,https://frameru.com/wp-content/uploads/2021/06/Restaurant-facade-logo-mockup.jpg,10.7887335,106.6959277,30,1,https://media-cdn.tripadvisor.com/media/photo-s/13/e5/43/22/fb-img-1532845074912.jpg,03:45:12,500,1000022,1000008,5,2020-06-05 16:17:20,2020-06-05 16:17:20,
1000027,Fresh Hamilton,156,Mạc Đĩnh Chi,1,2,3,,abc,0123456789,9876543210,4.0-16.25,https://cn-geo1.uber.com/image-proc/resize/eats/format=webp/width=550/height=440/quality=70/srcb64=aHR0cHM6Ly9kMXJhbHNvZ25qbmczNy5jbG91ZGZyb250Lm5ldC8zN2Y0YmJhYy0xZjUxLTQxZTgtODhlZS04Yjk4Mjk5ZTY4NTkuanBlZw==,https://encrypted-tbn0.gstatic.com/images?q=tbn:ANd9GcSDbdE3wNH9nQqdx7FDXPgKBYDkCka871-Jpw&usqp=CAU,https://frameru.com/wp-content/uploads/2021/06/Restaurant-facade-logo-mockup.jpg,10.7864515,106.6976719,30,1,https://media-cdn.tripadvisor.com/media/photo-s/13/e5/43/22/fb-img-1532845074912.jpg,03:45:12,500,1000024,1000009,5,2020-10-27 19:32:08,2020-10-27 19:32:08,
1000057,Osmow's,138,Phan Liêm,1,2,3,"Wish you could ask someone what's popular here? Uber Eats users might say chicken On the ROCKS™, since it's one of the most ordered items on the entire menu at this evening go-to.",abc,0123456789,9876543210,8.12-15.81,https://cn-geo1.uber.com/image-proc/resize/eats/format=webp/width=550/height=440/quality=70/srcb64=aHR0cHM6Ly9kMXJhbHNvZ25qbmczNy5jbG91ZGZyb250Lm5ldC8wNWZjNzA4MS0yMjFiLTQ3NmEtYTA4MC00OWYzODA3NmQzMTIuanBlZw==,https://encrypted-tbn0.gstatic.com/images?q=tbn:ANd9GcSDbdE3wNH9nQqdx7FDXPgKBYDkCka871-Jpw&usqp=CAU,https://frameru.com/wp-content/uploads/2021/06/Restaurant-facade-logo-mockup.jpg,10.7887335,106.6959277,30,1,https://media-cdn.tripadvisor.com/media/photo-s/13/e5/43/22/fb-img-1532845074912.jpg,03:45:12,500,1000026,1000010,5,2018-05-29 19:40:14,2018-05-29 19:40:14,
1000032,HALAL REZQ,110,Nguyễn Cửu Vân,1,2,3,,abc,0123456789,9876543210,13.36-16.99,https://cn-geo1.uber.com/image-proc/resize/eats/format=webp/width=550/height=440/quality=70/srcb64=aHR0cHM6Ly9kMXJhbHNvZ25qbmczNy5jbG91ZGZyb250Lm5ldC9lNzIxOTkyMy1hNThkLTRiM2EtODRkMy04YTlmN2NjNDNhYWEuanBlZw==,https://encrypted-tbn0.gstatic.com/images?q=tbn:ANd9GcSDbdE3wNH9nQqdx7FDXPgKBYDkCka871-Jpw&usqp=CAU,https://frameru.com/wp-content/uploads/2021/06/Restaurant-facade-logo-mockup.jpg,10.7958038,106.7069734,30,1,https://media-cdn.tripadvisor.com/media/photo-s/13/e5/43/22/fb-img-1532845074912.jpg,03:45:12,500,1000030,1000011,5,2021-07-29 12:55:14,2021-07-29 12:55:14,
1000015,CALABAR KITCHEN CANADA,25,Phạm Ngọc Thạch,1,2,3,,abc,0123456789,9876543210,4.75-18.99,https://cn-geo1.uber.com/image-proc/resize/eats/format=webp/width=550/height=440/quality=70/srcb64=aHR0cHM6Ly9kMXJhbHNvZ25qbmczNy5jbG91ZGZyb250Lm5ldC8wY2YwODA2NS1hYzNmLTRjYjAtOTk4OC1lNWExYzA1ODQxMTAuanBlZw==,https://encrypted-tbn0.gstatic.com/images?q=tbn:ANd9GcSDbdE3wNH9nQqdx7FDXPgKBYDkCka871-Jpw&usqp=CAU,https://frameru.com/wp-content/uploads/2021/06/Restaurant-facade-logo-mockup.jpg,10.7821356,106.6964393,30,1,https://media-cdn.tripadvisor.com/media/photo-s/13/e5/43/22/fb-img-1532845074912.jpg,03:45:12,500,1000032,1000012,5,2021-09-12 18:32:28,2021-09-12 18:32:28,
1000001,Afrolicious Restaurant,114,Ký Con,1,2,3,"Wish you could ask someone what's best here? Of the 50 items on the menu at this evening go-to, the Afro Grilled Chicken is one of the items that gets the most orders.",abc,0123456789,9876543210,3.99-12.99,https://cn-geo1.uber.com/image-proc/resize/eats/format=webp/width=550/height=440/quality=70/srcb64=aHR0cHM6Ly9kMXJhbHNvZ25qbmczNy5jbG91ZGZyb250Lm5ldC83MTQ1MzU3OC1lOGY4LTQ2ZGUtOWM3Ny1hOTk0ZTljYTRmN2Mud2VicA==,https://encrypted-tbn0.gstatic.com/images?q=tbn:ANd9GcSDbdE3wNH9nQqdx7FDXPgKBYDkCka871-Jpw&usqp=CAU,https://frameru.com/wp-content/uploads/2021/06/Restaurant-facade-logo-mockup.jpg,10.7652217,106.7002387,30,1,https://media-cdn.tripadvisor.com/media/photo-s/13/e5/43/22/fb-img-1532845074912.jpg,03:45:12,500,1000036,1000013,5,2018-03-14 10:25:16,2018-03-14 10:25:16,
1000089,The Darway's African Food & Beauty Supplies Inc.,152,Ngô Quyền,1,2,3,,abc,0123456789,9876543210,5.99-12.89,https://cn-geo1.uber.com/image-proc/resize/eats/format=webp/width=550/height=440/quality=70/srcb64=aHR0cHM6Ly9kMXJhbHNvZ25qbmczNy5jbG91ZGZyb250Lm5ldC9kZTY0MTM0ZS1hYTE1LTQwNmQtYjM5MC0zOGU4Y2EyMzk4YTYud2VicA==,https://encrypted-tbn0.gstatic.com/images?q=tbn:ANd9GcSDbdE3wNH9nQqdx7FDXPgKBYDkCka871-Jpw&usqp=CAU,https://frameru.com/wp-content/uploads/2021/06/Restaurant-facade-logo-mockup.jpg,10.7563038,106.6662693,30,1,https://media-cdn.tripadvisor.com/media/photo-s/13/e5/43/22/fb-img-1532845074912.jpg,03:45:12,500,1000043,1000014,5,2020-01-27 23:12:28,2020-01-27 23:12:28,
1000084,Taste of Lagos,131,Nguyễn An Ninh,1,2,3,,abc,0123456789,9876543210,4.0-18.0,https://cn-geo1.uber.com/image-proc/resize/eats/format=webp/width=550/height=440/quality=70/srcb64=aHR0cHM6Ly9kMXJhbHNvZ25qbmczNy5jbG91ZGZyb250Lm5ldC81Mzc0YWI0NS0zOTMzLTRjZTUtYjZkMC03ODQzMGQ3OWNjMzkuanBlZw==,https://encrypted-tbn0.gstatic.com/images?q=tbn:ANd9GcSDbdE3wNH9nQqdx7FDXPgKBYDkCka871-Jpw&usqp=CAU,https://frameru.com/wp-content/uploads/2021/06/Restaurant-facade-logo-mockup.jpg,10.7718045,106.6969256,30,1,https://media-cdn.tripadvisor.com/media/photo-s/13/e5/43/22/fb-img-1532845074912.jpg,03:45:12,500,1000046,1000015,5,2021-12-05 23:46:56,2021-12-05 23:46:56,
1000101,Wass Ethiopian Restaurant,221,Tôn Thất Thiệp,1,2,3,.,abc,0123456789,9876543210,3.99-16.0,https://cn-geo1.uber.com/image-proc/resize/eats/format=webp/width=550/height=440/quality=70/srcb64=aHR0cHM6Ly9kMXJhbHNvZ25qbmczNy5jbG91ZGZyb250Lm5ldC81OGJlZGM1Ni05NTNjLTQ5MGMtYmNlYy02Zjc5OGQ5NmU3NzMud2VicA==,https://encrypted-tbn0.gstatic.com/images?q=tbn:ANd9GcSDbdE3wNH9nQqdx7FDXPgKBYDkCka871-Jpw&usqp=CAU,https://frameru.com/wp-content/uploads/2021/06/Restaurant-facade-logo-mockup.jpg,10.7733821,106.7019531,30,1,https://media-cdn.tripadvisor.com/media/photo-s/13/e5/43/22/fb-img-1532845074912.jpg,03:45:12,500,1000047,1000016,5,2021-08-01 06:54:34,2021-08-01 06:54:34,
1000095,The Wine Shop (50 Dundurn St S),285,Hai Bà Trưng,1,2,3,"Ever wonder what the 3 most popular Alcohol delivery spots are in Hamilton? You're looking at one of them. At this evening go-to, the Vivo Reserva Cabernet Sauvignon 750ml is one of the most ordered items on the menu and the Black Cellar Cabernet Sauvignon 750ml and the Wayne Gretzky Baco Red 2020 Vqa 750ml are two of the items most commo...",abc,0123456789,9876543210,14.95-41.95,https://cn-geo1.uber.com/image-proc/resize/eats/format=webp/width=550/height=440/quality=70/srcb64=aHR0cHM6Ly9kMXJhbHNvZ25qbmczNy5jbG91ZGZyb250Lm5ldC8zNDYyNGJkYS1mYjRmLTQyOWQtOTRjYy0wYmZjOTM0Nzk2ZGQuanBlZw==,https://encrypted-tbn0.gstatic.com/images?q=tbn:ANd9GcSDbdE3wNH9nQqdx7FDXPgKBYDkCka871-Jpw&usqp=CAU,https://frameru.com/wp-content/uploads/2021/06/Restaurant-facade-logo-mockup.jpg,10.783556,106.6972911,30,1,https://media-cdn.tripadvisor.com/media/photo-s/13/e5/43/22/fb-img-1532845074912.jpg,03:45:12,500,1000052,1000017,5,2018-03-02 18:30:35,2018-03-02 18:30:35,
1000039,Kelseys,109,Nguyễn Công Chứ,1,2,3,"You're looking at one of the hottest delivery spots in Hamilton on Uber Eats. You might be wondering what to order. Of the 150 things on the menu, the Large Wings is one of the most ordered and the Four Cheese Spinach Dip and the Regular Wings are two of the items most commonly ordered together at this evening go-to.",abc,0123456789,9876543210,4.59-21.84,https://cn-geo1.uber.com/image-proc/resize/eats/format=webp/width=550/height=440/quality=70/srcb64=aHR0cHM6Ly9kMXJhbHNvZ25qbmczNy5jbG91ZGZyb250Lm5ldC9hNzRkZDZhZS00NDM1LTRkYzktYTU0OS1hZWVjZTZmOGVkNTIuanBlZw==,https://encrypted-tbn0.gstatic.com/images?q=tbn:ANd9GcSDbdE3wNH9nQqdx7FDXPgKBYDkCka871-Jpw&usqp=CAU,https://frameru.com/wp-content/uploads/2021/06/Restaurant-facade-logo-mockup.jpg,10.5989578,106.8600703,30,1,https://media-cdn.tripadvisor.com/media/photo-s/13/e5/43/22/fb-img-1532845074912.jpg,03:45:12,500,1000055,1000018,5,2020-05-19 23:47:17,2020-05-19 23:47:17,
1000076,State & Main,138,Nguyễn Thiệp,1,2,3,This place is one of the hottest places for delivery in all of Hamilton on Uber Eats. One of the most ordered items on the menu among Uber Eats users is the Main Burger and the Pistachio Crusted Salmon and the The Empire State are two of the items most commonly ordered together at this evening go-to.,abc,0123456789,9876543210,13.0-27.0,https://cn-geo1.uber.com/image-proc/resize/eats/format=webp/width=550/height=440/quality=70/srcb64=aHR0cHM6Ly9kdXl0NGg5bmZuajUwLmNsb3VkZnJvbnQubmV0L3Jlc2l6ZWQvZmVhYjhkY2U0ZTBlMzNjNWY0YWViYmRlNjZkMzk5ZDMtdzU1MC1mMi5qcGc=,https://encrypted-tbn0.gstatic.com/images?q=tbn:ANd9GcSDbdE3wNH9nQqdx7FDXPgKBYDkCka871-Jpw&usqp=CAU,https://frameru.com/wp-content/uploads/2021/06/Restaurant-facade-logo-mockup.jpg,10.7752623,106.7032867,30,1,https://media-cdn.tripadvisor.com/media/photo-s/13/e5/43/22/fb-img-1532845074912.jpg,03:45:12,500,1000071,1000019,5,2019-02-10 09:06:29,2019-02-10 09:06:29,
1000088,The Coop Wicked Chicken,282,Mặc Thị Bưởi,1,2,3,,abc,0123456789,9876543210,8.24-18.69,https://cn-geo1.uber.com/image-proc/resize/eats/format=webp/width=550/height=440/quality=70/srcb64=aHR0cHM6Ly9kdXl0NGg5bmZuajUwLmNsb3VkZnJvbnQubmV0L3Jlc2l6ZWQvY2RjZDY3ZDNlNjY1NzBiNjg4MTcyNzA1NTdiNDNmMzAtdzU1MC1iNi5qcGc=,https://encrypted-tbn0.gstatic.com/images?q=tbn:ANd9GcSDbdE3wNH9nQqdx7FDXPgKBYDkCka871-Jpw&usqp=CAU,https://frameru.com/wp-content/uploads/2021/06/Restaurant-facade-logo-mockup.jpg,10.775444,106.704902,30,1,https://media-cdn.tripadvisor.com/media/photo-s/13/e5/43/22/fb-img-1532845074912.jpg,03:45:12,500,1000073,1000020,5,2021-08-17 00:24:44,2021-08-17 00:24:44,
1000004,Amigos,157,Thi Sách,1,2,3,"This spot is among the hottest delivery spots in Hamilton among Uber Eats users. If you're a fan of chicken burrito takeout like the rest of your city, you'll be happy to know it's offered at Amigos.",abc,0123456789,9876543210,8.5-16.5,https://cn-geo1.uber.com/image-proc/resize/eats/format=webp/width=550/height=440/quality=70/srcb64=aHR0cHM6Ly9kMXJhbHNvZ25qbmczNy5jbG91ZGZyb250Lm5ldC8wNTg5ODhkOC0zMjNlLTRmZjAtOGNhMy1mMTA5MjU3ZDJkNjU=,https://encrypted-tbn0.gstatic.com/images?q=tbn:ANd9GcSDbdE3wNH9nQqdx7FDXPgKBYDkCka871-Jpw&usqp=CAU,https://frameru.com/wp-content/uploads/2021/06/Restaurant-facade-logo-mockup.jpg,10.7759573,106.7062535,30,1,https://media-cdn.tripadvisor.com/media/photo-s/13/e5/43/22/fb-img-1532845074912.jpg,03:45:12,500,1000077,1000021,5,2020-09-24 18:42:41,2020-09-24 18:42:41,
1000087,The Burnt Tongue,295,Phan Văn Đạt,1,2,3,,abc,0123456789,9876543210,6.0-8.0,https://cn-geo1.uber.com/image-proc/resize/eats/format=webp/width=550/height=440/quality=70/srcb64=aHR0cHM6Ly9kMXJhbHNvZ25qbmczNy5jbG91ZGZyb250Lm5ldC8wYjlhN2FlYi1kNjdlLTQyMmMtOGE4Ny1kNTYxNDcyNTM0NjEuanBlZw==,https://encrypted-tbn0.gstatic.com/images?q=tbn:ANd9GcSDbdE3wNH9nQqdx7FDXPgKBYDkCka871-Jpw&usqp=CAU,https://frameru.com/wp-content/uploads/2021/06/Restaurant-facade-logo-mockup.jpg,10.7753718,106.7057456,30,1,https://media-cdn.tripadvisor.com/media/photo-s/13/e5/43/22/fb-img-1532845074912.jpg,03:45:12,500,1000083,1000022,5,2020-11-03 21:50:29,2020-11-03 21:50:29,
1000067,Saint James Espresso Bar & Eatery,138,Phùng Khắc Khoan,1,2,3,Wish you could ask someone what's popular here? The Drive Thru is one of things that gets the most orders of the 120 items on the menu at this morning go-to.,abc,0123456789,9876543210,4.25-13.51,https://cn-geo1.uber.com/image-proc/resize/eats/format=webp/width=550/height=440/quality=70/srcb64=aHR0cHM6Ly9kMXJhbHNvZ25qbmczNy5jbG91ZGZyb250Lm5ldC8yMTYwZjc0Yi1hNzQ3LTQ0NmQtOWIxMC1iMDE0YWUxYTViNjUuanBlZw==,https://encrypted-tbn0.gstatic.com/images?q=tbn:ANd9GcSDbdE3wNH9nQqdx7FDXPgKBYDkCka871-Jpw&usqp=CAU,https://frameru.com/wp-content/uploads/2021/06/Restaurant-facade-logo-mockup.jpg,10.7842139,106.6983626,30,1,https://media-cdn.tripadvisor.com/media/photo-s/13/e5/43/22/fb-img-1532845074912.jpg,03:45:12,500,1000090,1000023,5,2019-03-26 23:06:20,2019-03-26 23:06:20,
1000077,Subway (211 John St S),206,Phan Kế Bính,1,2,3,Here's one of the hottest delivery spots in all of Hamilton among Uber Eats users. The Footlong Turkey Breast Sub is one of the most popular items among Uber Eats users and the Footlong Black Forest Ham Combo and the Footlong Cold Cut Combo Sub Combo are two of the things most commonly ordered together at this early morning go-to.,abc,0123456789,9876543210,5.59-11.29,https://cn-geo1.uber.com/image-proc/resize/eats/format=webp/width=550/height=440/quality=70/srcb64=aHR0cHM6Ly9kMXJhbHNvZ25qbmczNy5jbG91ZGZyb250Lm5ldC9lYWI3NzNkMi1lYWIyLTQwNzUtYWRiMi02YmRkNmZkYmI2ZjkuanBlZw==,https://encrypted-tbn0.gstatic.com/images?q=tbn:ANd9GcSDbdE3wNH9nQqdx7FDXPgKBYDkCka871-Jpw&usqp=CAU,https://frameru.com/wp-content/uploads/2021/06/Restaurant-facade-logo-mockup.jpg,10.7900834,106.6991415,30,1,https://media-cdn.tripadvisor.com/media/photo-s/13/e5/43/22/fb-img-1532845074912.jpg,03:45:12,500,1000093,1000024,5,2020-05-24 19:26:43,2020-05-24 19:26:43,
1000023,Empire Burger,140,Mạc Đĩnh Chi,1,2,3,Wish you could ask someone what's recommended here? The Imperial Cheese Burger is one of things that gets the most orders of the 70 items on the menu at this evening go-to.,abc,0123456789,9876543210,1.99-14.49,https://cn-geo1.uber.com/image-proc/resize/eats/format=webp/width=550/height=440/quality=70/srcb64=aHR0cHM6Ly9kMXJhbHNvZ25qbmczNy5jbG91ZGZyb250Lm5ldC8wNWRmMDE0Yy1iYzQxLTQ3ODEtYjRiZi1jMDQzZDI1YmY1MDQuanBlZw==,https://encrypted-tbn0.gstatic.com/images?q=tbn:ANd9GcSDbdE3wNH9nQqdx7FDXPgKBYDkCka871-Jpw&usqp=CAU,https://frameru.com/wp-content/uploads/2021/06/Restaurant-facade-logo-mockup.jpg,10.7864515,106.6976719,30,1,https://media-cdn.tripadvisor.com/media/photo-s/13/e5/43/22/fb-img-1532845074912.jpg,03:45:12,500,1000095,1000025,5,2021-10-23 16:52:58,2021-10-23 16:52:58,
1000091,The Dirty South,205,Nguyễn Cảnh Chân,1,2,3,,abc,0123456789,9876543210,8.0-15.5,https://cn-geo1.uber.com/image-proc/resize/eats/format=webp/width=550/height=440/quality=70/srcb64=aHR0cHM6Ly9kMXJhbHNvZ25qbmczNy5jbG91ZGZyb250Lm5ldC8yMGIyYjVhYi0yZGIwLTQ2ZTQtYWIxNC03MmJmYjExMWQ3YWEuanBlZw==,https://encrypted-tbn0.gstatic.com/images?q=tbn:ANd9GcSDbdE3wNH9nQqdx7FDXPgKBYDkCka871-Jpw&usqp=CAU,https://frameru.com/wp-content/uploads/2021/06/Restaurant-facade-logo-mockup.jpg,10.7600073,106.6863177,30,1,https://media-cdn.tripadvisor.com/media/photo-s/13/e5/43/22/fb-img-1532845074912.jpg,03:45:12,500,1000096,1000026,5,2021-03-30 05:51:48,2021-03-30 05:51:48,
1000026,Fox & Fiddle Restaurant,208,Huỳnh Thúc Kháng,1,2,3,"You might be wondering what's recommended here at this evening go-to. Of the 110 items on the menu, the Fox Chicken Club is one of the things that gets the most orders.",abc,0123456789,9876543210,15.99-18.99,https://cn-geo1.uber.com/image-proc/resize/eats/format=webp/width=550/height=440/quality=70/srcb64=aHR0cHM6Ly9kdXl0NGg5bmZuajUwLmNsb3VkZnJvbnQubmV0L3Jlc2l6ZWQvYWNkZjkyZjU1MGMwNzFkOTNhYjU0NTI0MDBkZDNjYmItdzU1MC1kYi5qcGc=,https://encrypted-tbn0.gstatic.com/images?q=tbn:ANd9GcSDbdE3wNH9nQqdx7FDXPgKBYDkCka871-Jpw&usqp=CAU,https://frameru.com/wp-content/uploads/2021/06/Restaurant-facade-logo-mockup.jpg,10.7716535,106.6989668,30,1,https://media-cdn.tripadvisor.com/media/photo-s/13/e5/43/22/fb-img-1532845074912.jpg,03:45:12,500,1000097,1000027,5,2020-10-23 00:18:36,2020-10-23 00:18:36,
1000051,Montana's,207,Vỗ Văn Tần,1,2,3,This spot is among the hottest spots in Hamilton on Uber Eats. Fun fact: Montana's serves one of the most popular things in Hamilton: chicken burrito.,abc,0123456789,9876543210,3.44-19.68,https://cn-geo1.uber.com/image-proc/resize/eats/format=webp/width=550/height=440/quality=70/srcb64=aHR0cHM6Ly9kMXJhbHNvZ25qbmczNy5jbG91ZGZyb250Lm5ldC80MjgyZmQ4YS0yN2Q5LTQwMTAtYTQzMS1iYzBjZmMxZjhhZWUuanBlZw==,https://encrypted-tbn0.gstatic.com/images?q=tbn:ANd9GcSDbdE3wNH9nQqdx7FDXPgKBYDkCka871-Jpw&usqp=CAU,https://frameru.com/wp-content/uploads/2021/06/Restaurant-facade-logo-mockup.jpg,10.7815065,106.6947958,30,1,https://media-cdn.tripadvisor.com/media/photo-s/13/e5/43/22/fb-img-1532845074912.jpg,03:45:12,500,1000099,1000028,5,2019-09-22 05:57:20,2019-09-22 05:57:20,
1000106,WingsUp!,279,Vỗ Văn Tần,1,2,3,You're looking at one of the hottest spots in Hamilton on Uber Eats. One of the most popular items on the menu among Uber Eats users is the Wing Meal and the Buffalo Bites Meal and the Buffalo Wrap are two of the items most commonly ordered together at this evening go-to.,abc,0123456789,9876543210,7.86-16.71,https://cn-geo1.uber.com/image-proc/resize/eats/format=webp/width=550/height=440/quality=70/srcb64=aHR0cHM6Ly9kMXJhbHNvZ25qbmczNy5jbG91ZGZyb250Lm5ldC83MmVkZTQ3Ni00ODk5LTRmNjMtOThlNi1kNjNiZDFkNTQ3MmMuanBlZw==,https://encrypted-tbn0.gstatic.com/images?q=tbn:ANd9GcSDbdE3wNH9nQqdx7FDXPgKBYDkCka871-Jpw&usqp=CAU,https://frameru.com/wp-content/uploads/2021/06/Restaurant-facade-logo-mockup.jpg,10.7815065,106.6947958,30,1,https://media-cdn.tripadvisor.com/media/photo-s/13/e5/43/22/fb-img-1532845074912.jpg,03:45:12,500,1000100,1000029,5,2018-01-18 04:41:39,2018-01-18 04:41:39,
1000053,Moodys,111,Bà lê Chân,1,2,3,"This spot is among the hottest delivery spots in all of Hamilton on Uber Eats. Curious to know what's the best thing to order here? Of the 80 things on the menu, the Creamy Garlic is one of the most popular and the Big Peppi and the Moodys Hand Made Mozza Sticks are two of the items that are most commonly ordered together at this evening ...",abc,0123456789,9876543210,2.25-12.99,https://cn-geo1.uber.com/image-proc/resize/eats/format=webp/width=550/height=440/quality=70/srcb64=aHR0cHM6Ly9kMXJhbHNvZ25qbmczNy5jbG91ZGZyb250Lm5ldC8yY2EzYjY5Yi0xNmNhLTQzMzktOGNjYi1lMmI3NzJhMTJjZmQ=,https://encrypted-tbn0.gstatic.com/images?q=tbn:ANd9GcSDbdE3wNH9nQqdx7FDXPgKBYDkCka871-Jpw&usqp=CAU,https://frameru.com/wp-content/uploads/2021/06/Restaurant-facade-logo-mockup.jpg,10.7906545,106.6895442,30,1,https://media-cdn.tripadvisor.com/media/photo-s/13/e5/43/22/fb-img-1532845074912.jpg,03:45:12,500,1000108,1000030,5,2020-08-23 20:55:09,2020-08-23 20:55:09,
1000058,Osmow's,260,Đông Du,1,2,3,You're looking at one of the places in all of Hamilton on Uber Eats. Wondering what's the best thing on the menu? The Half & Half Chicken Shawarma is one of the things users order the most and Chicken On the ROCKS™ and the Chicken Shawarma Wrap With Drink are two of the items most commonly ordered together at this evening go-to.,abc,0123456789,9876543210,7.67-15.81,https://cn-geo1.uber.com/image-proc/resize/eats/format=webp/width=550/height=440/quality=70/srcb64=aHR0cHM6Ly9kMXJhbHNvZ25qbmczNy5jbG91ZGZyb250Lm5ldC8wNWZjNzA4MS0yMjFiLTQ3NmEtYTA4MC00OWYzODA3NmQzMTIuanBlZw==,https://encrypted-tbn0.gstatic.com/images?q=tbn:ANd9GcSDbdE3wNH9nQqdx7FDXPgKBYDkCka871-Jpw&usqp=CAU,https://frameru.com/wp-content/uploads/2021/06/Restaurant-facade-logo-mockup.jpg,10.7761032,106.7047032,30,1,https://media-cdn.tripadvisor.com/media/photo-s/13/e5/43/22/fb-img-1532845074912.jpg,03:45:12,500,1000110,1000031,5,2021-01-04 14:41:10,2021-01-04 14:41:10,
1000042,La Luna Express (James Street),172,Nguyễn Huy Tự,1,2,3,,abc,0123456789,9876543210,2.29-10.73,https://cn-geo1.uber.com/image-proc/resize/eats/format=webp/width=550/height=440/quality=70/srcb64=aHR0cHM6Ly9kMXJhbHNvZ25qbmczNy5jbG91ZGZyb250Lm5ldC9jYTEyNmU5Yi0xNjIzLTQ3N2UtOWFmNC0wYTU5MjBkNWI5M2QuanBlZw==,https://encrypted-tbn0.gstatic.com/images?q=tbn:ANd9GcSDbdE3wNH9nQqdx7FDXPgKBYDkCka871-Jpw&usqp=CAU,https://frameru.com/wp-content/uploads/2021/06/Restaurant-facade-logo-mockup.jpg,10.7926663,106.6967184,30,1,https://media-cdn.tripadvisor.com/media/photo-s/13/e5/43/22/fb-img-1532845074912.jpg,03:45:12,500,1000120,1000032,5,2019-12-07 10:50:44,2019-12-07 10:50:44,
1000054,Nannaa Persian Eatery,128,Huỳnh Thúc Kháng,1,2,3,"Wish you could ask Nannaa Persian Eatery customers what's best here? If you could, you might expect the answer to be the Vaziri Breast Kabob, since it's one of the most-ordered items on the entire menu at this evening go-to.",abc,0123456789,9876543210,10.0-19.75,https://cn-geo1.uber.com/image-proc/resize/eats/format=webp/width=550/height=440/quality=70/srcb64=aHR0cHM6Ly9kMXJhbHNvZ25qbmczNy5jbG91ZGZyb250Lm5ldC8yZTVmNGE0ZC04ZWU1LTQ2NDItOTIxYS0xNTYzOGMzZGFmYjA=,https://encrypted-tbn0.gstatic.com/images?q=tbn:ANd9GcSDbdE3wNH9nQqdx7FDXPgKBYDkCka871-Jpw&usqp=CAU,https://frameru.com/wp-content/uploads/2021/06/Restaurant-facade-logo-mockup.jpg,10.7716535,106.6989668,30,1,https://media-cdn.tripadvisor.com/media/photo-s/13/e5/43/22/fb-img-1532845074912.jpg,03:45:12,500,1000122,1000033,5,2019-12-29 22:36:40,2019-12-29 22:36:40,
1000064,Raoabe Restaurant,136,Nguyễn Trãi,1,2,3,"Wondering what's the best thing on the menu at this late at night go-to? Raoabe Restaurant customers might say the Iraqi Kebab Plate, which is one of the most popular items on the entire menu.",abc,0123456789,9876543210,5.99-15.4,https://cn-geo1.uber.com/image-proc/resize/eats/format=webp/width=550/height=440/quality=70/srcb64=aHR0cHM6Ly9kMXJhbHNvZ25qbmczNy5jbG91ZGZyb250Lm5ldC85MWYwMjhjNi02YmNiLTQxZTUtOGY5YS1lNDI0MTczZTNlNDkuanBlZw==,https://encrypted-tbn0.gstatic.com/images?q=tbn:ANd9GcSDbdE3wNH9nQqdx7FDXPgKBYDkCka871-Jpw&usqp=CAU,https://frameru.com/wp-content/uploads/2021/06/Restaurant-facade-logo-mockup.jpg,10.7650042,106.6875984,30,1,https://media-cdn.tripadvisor.com/media/photo-s/13/e5/43/22/fb-img-1532845074912.jpg,03:45:12,500,1000123,1000034,5,2019-07-14 19:13:44,2019-07-14 19:13:44,
1000017,CheeZaatar,130,Cống Quỳnh,1,2,3,"Wish you could ask CheeZaatar customers what's best here? Of the 60 things on the menu at this midday go-to, the Cheezaatar is one of the most-ordered items.",abc,0123456789,9876543210,3.49-7.24,https://cn-geo1.uber.com/image-proc/resize/eats/format=webp/width=550/height=440/quality=70/srcb64=aHR0cHM6Ly9kMXJhbHNvZ25qbmczNy5jbG91ZGZyb250Lm5ldC9mMjUzODdmNC1iYzk2LTQwM2MtYmViYy0xNjRiMzcyMzFmMmUuanBlZw==,https://encrypted-tbn0.gstatic.com/images?q=tbn:ANd9GcSDbdE3wNH9nQqdx7FDXPgKBYDkCka871-Jpw&usqp=CAU,https://frameru.com/wp-content/uploads/2021/06/Restaurant-facade-logo-mockup.jpg,10.7679118,106.6853518,30,1,https://media-cdn.tripadvisor.com/media/photo-s/13/e5/43/22/fb-img-1532845074912.jpg,03:45:12,500,1000124,1000035,5,2020-04-29 15:23:23,2020-04-29 15:23:23,
1000055,Noodle Me 味道,185,Trần Khánh Dư,1,2,3,"This place is not only one of the hottest Hamilton delivery spots on Uber Eats, but it's also one of the city's 3 most popular places for Chinese takeout. One of the most ordered items on the menu among Uber Eats users is the Daily Free One and the 101 House Noodle 招牌面 and the Daily Free One are two of the items most commonly ordered toge...",abc,0123456789,9876543210,7.99-14.29,https://cn-geo1.uber.com/image-proc/resize/eats/format=webp/width=550/height=440/quality=70/srcb64=aHR0cHM6Ly9kdXl0NGg5bmZuajUwLmNsb3VkZnJvbnQubmV0L3Jlc2l6ZWQvMTU0NDIxNzY0MDU3OS13NTUwLWE2LmpwZw==,https://encrypted-tbn0.gstatic.com/images?q=tbn:ANd9GcSDbdE3wNH9nQqdx7FDXPgKBYDkCka871-Jpw&usqp=CAU,https://frameru.com/wp-content/uploads/2021/06/Restaurant-facade-logo-mockup.jpg,10.7939396,106.6883397,30,1,https://media-cdn.tripadvisor.com/media/photo-s/13/e5/43/22/fb-img-1532845074912.jpg,03:45:12,500,1000126,1000036,5,2018-11-12 04:22:34,2018-11-12 04:22:34,
1000040,Kenzo Ramen,35,Tôn Thất Thiệp,1,2,3,,abc,0123456789,9876543210,11.0-14.5,https://cn-geo1.uber.com/image-proc/resize/eats/format=webp/width=550/height=440/quality=70/srcb64=aHR0cHM6Ly9kMXJhbHNvZ25qbmczNy5jbG91ZGZyb250Lm5ldC9hZTI4NTY3Mi1lOGI4LTQyZWEtOGM4Yy0wOGI5YzQxMGQ5MjAuanBlZw==,https://encrypted-tbn0.gstatic.com/images?q=tbn:ANd9GcSDbdE3wNH9nQqdx7FDXPgKBYDkCka871-Jpw&usqp=CAU,https://frameru.com/wp-content/uploads/2021/06/Restaurant-facade-logo-mockup.jpg,10.7733821,106.7019531,30,1,https://media-cdn.tripadvisor.com/media/photo-s/13/e5/43/22/fb-img-1532845074912.jpg,03:45:12,500,1000127,1000037,5,2019-08-04 02:26:44,2019-08-04 02:26:44,
1000066,Saigon House Restaurant (S John St),134,Bà lê Chân,1,2,3,,abc,0123456789,9876543210,6.5-14.95,https://cn-geo1.uber.com/image-proc/resize/eats/format=webp/width=550/height=440/quality=70/srcb64=aHR0cHM6Ly9kMXJhbHNvZ25qbmczNy5jbG91ZGZyb250Lm5ldC8xNzFhN2I5Yi04OTBjLTQ1NjUtYmM3YS0zZDUyMmJhZGM3MjUuanBlZw==,https://encrypted-tbn0.gstatic.com/images?q=tbn:ANd9GcSDbdE3wNH9nQqdx7FDXPgKBYDkCka871-Jpw&usqp=CAU,https://frameru.com/wp-content/uploads/2021/06/Restaurant-facade-logo-mockup.jpg,10.7906545,106.6895442,30,1,https://media-cdn.tripadvisor.com/media/photo-s/13/e5/43/22/fb-img-1532845074912.jpg,03:45:12,500,1000130,1000038,5,2020-02-04 23:25:22,2020-02-04 23:25:22,
1000083,Szechuan Noodle Bowl,91,Công Trường Mê Linh,1,2,3,,abc,0123456789,9876543210,11.49-15.99,https://cn-geo1.uber.com/image-proc/resize/eats/format=webp/width=550/height=440/quality=70/srcb64=aHR0cHM6Ly9kdXl0NGg5bmZuajUwLmNsb3VkZnJvbnQubmV0L3Jlc2l6ZWQvMTU0MzM1Mzk4NDU3NC13NTUwLTlhLmpwZw==,https://encrypted-tbn0.gstatic.com/images?q=tbn:ANd9GcSDbdE3wNH9nQqdx7FDXPgKBYDkCka871-Jpw&usqp=CAU,https://frameru.com/wp-content/uploads/2021/06/Restaurant-facade-logo-mockup.jpg,10.7757667,106.7066375,30,1,https://media-cdn.tripadvisor.com/media/photo-s/13/e5/43/22/fb-img-1532845074912.jpg,03:45:12,500,1000131,1000039,5,2020-04-03 17:54:13,2020-04-03 17:54:13,
1000060,PHO B & T VIET THAI RESTAURANT,32,Trần Khắc Chân,1,2,3,,abc,0123456789,9876543210,11.95-16.95,https://cn-geo1.uber.com/image-proc/resize/eats/format=webp/width=550/height=440/quality=70/srcb64=aHR0cHM6Ly9kMXJhbHNvZ25qbmczNy5jbG91ZGZyb250Lm5ldC9kMDI2ZGQzMC0zNGI3LTRkODEtYWI0Yi0wYWZiMTI0ZDRjNjMuanBlZw==,https://encrypted-tbn0.gstatic.com/images?q=tbn:ANd9GcSDbdE3wNH9nQqdx7FDXPgKBYDkCka871-Jpw&usqp=CAU,https://frameru.com/wp-content/uploads/2021/06/Restaurant-facade-logo-mockup.jpg,10.7931992,106.6911694,30,1,https://media-cdn.tripadvisor.com/media/photo-s/13/e5/43/22/fb-img-1532845074912.jpg,03:45:12,500,1000137,1000040,5,2018-03-31 23:04:18,2018-03-31 23:04:18,
1000024,Fishing Sushi,39,Nguyễn Trung Trực,1,2,3,,abc,0123456789,9876543210,6.99-13.99,https://cn-geo1.uber.com/image-proc/resize/eats/format=webp/width=550/height=440/quality=70/srcb64=aHR0cHM6Ly9kMXJhbHNvZ25qbmczNy5jbG91ZGZyb250Lm5ldC83ZjlkM2MxYi1jMzA3LTQwZTItYTA5My1iZjdhYjdjOTg2M2EuanBlZw==,https://encrypted-tbn0.gstatic.com/images?q=tbn:ANd9GcSDbdE3wNH9nQqdx7FDXPgKBYDkCka871-Jpw&usqp=CAU,https://frameru.com/wp-content/uploads/2021/06/Restaurant-facade-logo-mockup.jpg,10.7743711,106.6986868,30,1,https://media-cdn.tripadvisor.com/media/photo-s/13/e5/43/22/fb-img-1532845074912.jpg,03:45:12,500,1000138,1000041,5,2021-03-24 20:17:30,2021-03-24 20:17:30,
1000037,Homemade Noodles,69,Đặng Tất,1,2,3,,abc,0123456789,9876543210,6.99-11.99,https://cn-geo1.uber.com/image-proc/resize/eats/format=webp/width=550/height=440/quality=70/srcb64=aHR0cHM6Ly9kMXJhbHNvZ25qbmczNy5jbG91ZGZyb250Lm5ldC9mZjE1MmViNC01NGU5LTRiY2UtOWUxZi1mZmM1YTdkNTQyMjUuanBlZw==,https://encrypted-tbn0.gstatic.com/images?q=tbn:ANd9GcSDbdE3wNH9nQqdx7FDXPgKBYDkCka871-Jpw&usqp=CAU,https://frameru.com/wp-content/uploads/2021/06/Restaurant-facade-logo-mockup.jpg,10.7929041,106.6886562,30,1,https://media-cdn.tripadvisor.com/media/photo-s/13/e5/43/22/fb-img-1532845074912.jpg,03:45:12,500,1000139,1000042,5,2021-11-06 04:08:07,2021-11-06 04:08:07,
1000025,Foodfun,130,Trịnh Văn Cấn,1,2,3,,abc,0123456789,9876543210,5.99-9.99,https://cn-geo1.uber.com/image-proc/resize/eats/format=webp/width=550/height=440/quality=70/srcb64=aHR0cHM6Ly9kMXJhbHNvZ25qbmczNy5jbG91ZGZyb250Lm5ldC8yZDZjMmYyMy0xMzk4LTQwZDctYjVjZC0yOWUxNTgyNTdmNTIuanBlZw==,https://encrypted-tbn0.gstatic.com/images?q=tbn:ANd9GcSDbdE3wNH9nQqdx7FDXPgKBYDkCka871-Jpw&usqp=CAU,https://frameru.com/wp-content/uploads/2021/06/Restaurant-facade-logo-mockup.jpg,10.7670444,106.6959095,30,1,https://media-cdn.tripadvisor.com/media/photo-s/13/e5/43/22/fb-img-1532845074912.jpg,03:45:12,500,1000140,1000043,5,2021-05-09 21:58:44,2021-05-09 21:58:44,
1000016,Charlies Chopsticks,225,Nguyễn Thái Học,1,2,3,Wondering what's the best thing on the menu? The Charlies Dynamite Roll is one of the items that gets the most orders of the 40 items on the menu at this late at night go-to.,abc,0123456789,9876543210,5.58-6.74,https://cn-geo1.uber.com/image-proc/resize/eats/format=webp/width=550/height=440/quality=70/srcb64=aHR0cHM6Ly9kdXl0NGg5bmZuajUwLmNsb3VkZnJvbnQubmV0L3Jlc2l6ZWQvMDcxYzQzMmZlMDc4YmMxNzUwNWM5YmFiOWFhMjYxNDctdzU1MC0yNi5qcGc=,https://encrypted-tbn0.gstatic.com/images?q=tbn:ANd9GcSDbdE3wNH9nQqdx7FDXPgKBYDkCka871-Jpw&usqp=CAU,https://frameru.com/wp-content/uploads/2021/06/Restaurant-facade-logo-mockup.jpg,10.7684516,106.6950897,30,1,https://media-cdn.tripadvisor.com/media/photo-s/13/e5/43/22/fb-img-1532845074912.jpg,03:45:12,500,1000141,1000044,5,2021-02-24 00:17:14,2021-02-24 00:17:14,
1000104,Wimpy's Diner,209,Nguyễn Huệ,1,2,3,"Wish you could ask someone what's recommended here? Of the 100 items on the menu at this morning go-to, the Classics- 820- 1360 Cals is one of the items that gets the most orders.",abc,0123456789,9876543210,6.5-18.24,https://cn-geo1.uber.com/image-proc/resize/eats/format=webp/width=550/height=440/quality=70/srcb64=aHR0cHM6Ly9kdXl0NGg5bmZuajUwLmNsb3VkZnJvbnQubmV0L3Jlc2l6ZWQvMjhhMmM1YmZmMDRiNTNlNTNkYjc2MjcxMjg0M2I5OGUtdzU1MC0yYi5qcGc=,https://encrypted-tbn0.gstatic.com/images?q=tbn:ANd9GcSDbdE3wNH9nQqdx7FDXPgKBYDkCka871-Jpw&usqp=CAU,https://frameru.com/wp-content/uploads/2021/06/Restaurant-facade-logo-mockup.jpg,10.7757469,106.7020644,30,1,https://media-cdn.tripadvisor.com/media/photo-s/13/e5/43/22/fb-img-1532845074912.jpg,03:45:12,500,1000144,1000045,5,2018-08-09 19:32:24,2018-08-09 19:32:24,
1000080,Sunset Grill,287,Trần Hưng Đạo,1,2,3,,abc,0123456789,9876543210,6.59-14.99,https://cn-geo1.uber.com/image-proc/resize/eats/format=webp/width=550/height=440/quality=70/srcb64=aHR0cHM6Ly9kMXJhbHNvZ25qbmczNy5jbG91ZGZyb250Lm5ldC8yODI4M2ZkMC1kYzk5LTQwNjgtYTViZi1mMWE3OGM0NDQyM2EuanBlZw==,https://encrypted-tbn0.gstatic.com/images?q=tbn:ANd9GcSDbdE3wNH9nQqdx7FDXPgKBYDkCka871-Jpw&usqp=CAU,https://frameru.com/wp-content/uploads/2021/06/Restaurant-facade-logo-mockup.jpg,10.7578459,106.6865294,30,1,https://media-cdn.tripadvisor.com/media/photo-s/13/e5/43/22/fb-img-1532845074912.jpg,03:45:12,500,1000145,1000046,5,2018-09-28 12:52:21,2018-09-28 12:52:21,
1000078,Sunnyside Grill,97,Cô Bắc,1,2,3,,abc,0123456789,9876543210,9.99-12.49,https://cn-geo1.uber.com/image-proc/resize/eats/format=webp/width=550/height=440/quality=70/srcb64=aHR0cHM6Ly9kMXJhbHNvZ25qbmczNy5jbG91ZGZyb250Lm5ldC8wNjU3YzFhYS0wMTk2LTQzYWMtYTEzOS1jY2E1ODRiZjc1MWIuanBlZw==,https://encrypted-tbn0.gstatic.com/images?q=tbn:ANd9GcSDbdE3wNH9nQqdx7FDXPgKBYDkCka871-Jpw&usqp=CAU,https://frameru.com/wp-content/uploads/2021/06/Restaurant-facade-logo-mockup.jpg,10.7642351,106.6940442,30,1,https://media-cdn.tripadvisor.com/media/photo-s/13/e5/43/22/fb-img-1532845074912.jpg,03:45:12,500,1000146,1000047,5,2021-08-26 05:29:01,2021-08-26 05:29:01,
1000000,7-Eleven (622 Upper Wellington St @ Brucedale),217,Nam Kỳ Khởi Nghĩa,1,2,3,This place is one of the hottest delivery spots in all of Hamilton among Uber Eats users. The Beef Taco & Cheese Taquito 85g is one of the most ordered items among Uber Eats users and the Monterey Jack & Chicken Taquito 75g and the Taquito Buffalo Chicken Wing are two of the things most commonly ordered together at this late at night go-t...,abc,0123456789,9876543210,2.69-4.99,https://cn-geo1.uber.com/image-proc/resize/eats/format=webp/width=550/height=440/quality=70/srcb64=aHR0cHM6Ly9kMXJhbHNvZ25qbmczNy5jbG91ZGZyb250Lm5ldC8zNDhjOTIwNi0zODlhLTRjZmQtOGNiZC0xMzQzNjE5YTUzMzIuanBlZw==,https://encrypted-tbn0.gstatic.com/images?q=tbn:ANd9GcSDbdE3wNH9nQqdx7FDXPgKBYDkCka871-Jpw&usqp=CAU,https://frameru.com/wp-content/uploads/2021/06/Restaurant-facade-logo-mockup.jpg,10.7752575,106.6993053,30,1,https://media-cdn.tripadvisor.com/media/photo-s/13/e5/43/22/fb-img-1532845074912.jpg,03:45:12,500,1000149,1000048,5,2020-09-15 08:27:51,2020-09-15 08:27:51,
1000074,Stacked Pancake & Breakfast House,213,Trần Quý Khoách,1,2,3,,abc,0123456789,9876543210,9.99-13.99,https://cn-geo1.uber.com/image-proc/resize/eats/format=webp/width=550/height=440/quality=70/srcb64=aHR0cHM6Ly9kMXJhbHNvZ25qbmczNy5jbG91ZGZyb250Lm5ldC9mYzNkNTA4Zi1iZThlLTQ0MjQtODA4NC01MjMyZjlhZmQ2ZGUuanBlZw==,https://encrypted-tbn0.gstatic.com/images?q=tbn:ANd9GcSDbdE3wNH9nQqdx7FDXPgKBYDkCka871-Jpw&usqp=CAU,https://frameru.com/wp-content/uploads/2021/06/Restaurant-facade-logo-mockup.jpg,10.7933994,106.6885596,30,1,https://media-cdn.tripadvisor.com/media/photo-s/13/e5/43/22/fb-img-1532845074912.jpg,03:45:12,500,1000153,1000049,5,2021-06-30 09:29:20,2021-06-30 09:29:20,
1000011,Bonanza Bakery,275,Đề Thám,1,2,3,,abc,0123456789,9876543210,26.99-34.99,https://cn-geo1.uber.com/image-proc/resize/eats/format=webp/width=550/height=440/quality=70/srcb64=aHR0cHM6Ly9kdXl0NGg5bmZuajUwLmNsb3VkZnJvbnQubmV0L3Jlc2l6ZWQvYWVhODY5NjVjMjQ3MzY5NjE3YzcyYWMyNzliMTkwNjgtdzU1MC0wYi5qcGc=,https://encrypted-tbn0.gstatic.com/images?q=tbn:ANd9GcSDbdE3wNH9nQqdx7FDXPgKBYDkCka871-Jpw&usqp=CAU,https://frameru.com/wp-content/uploads/2021/06/Restaurant-facade-logo-mockup.jpg,10.7678953,106.6937265,30,1,https://media-cdn.tripadvisor.com/media/photo-s/13/e5/43/22/fb-img-1532845074912.jpg,03:45:12,500,1000155,1000050,5,2021-06-28 13:46:02,2021-06-28 13:46:02,
1000046,Marci's Bakery,198,Trần Hưng Đạo,1,2,3,Wondering what's the best thing on the menu? The 6 Outrageously is one of the items that gets the most orders of the 20 items on the menu at this morning go-to.,abc,0123456789,9876543210,25.0-25.0,https://cn-geo1.uber.com/image-proc/resize/eats/format=webp/width=550/height=440/quality=70/srcb64=aHR0cHM6Ly9kMXJhbHNvZ25qbmczNy5jbG91ZGZyb250Lm5ldC9kYzhjYjNlMS1lMjQ2LTQ1ZDAtYjU5OC05ODNjYzkyNjczY2QuanBlZw==,https://encrypted-tbn0.gstatic.com/images?q=tbn:ANd9GcSDbdE3wNH9nQqdx7FDXPgKBYDkCka871-Jpw&usqp=CAU,https://frameru.com/wp-content/uploads/2021/06/Restaurant-facade-logo-mockup.jpg,10.7648243,106.6924284,30,1,https://media-cdn.tripadvisor.com/media/photo-s/13/e5/43/22/fb-img-1532845074912.jpg,03:45:12,500,1000159,1000051,5,2019-02-01 18:17:43,2019-02-01 18:17:43,
1000098,Tim Horton's (80 John St),77,Mã Lộ,1,2,3,This place is among the hottest spots in Hamilton on Uber Eats. Wish you could ask someone what's popular here? The Farmer's Breakfast Wrap is one of the most ordered items on the menu and the Bagels and the Original Blend Coffee are two of the items most commonly ordered together at this morning go-to.,abc,0123456789,9876543210,1.86-3.51,https://cn-geo1.uber.com/image-proc/resize/eats/format=webp/width=550/height=440/quality=70/srcb64=aHR0cHM6Ly9kMXJhbHNvZ25qbmczNy5jbG91ZGZyb250Lm5ldC9iZGZiMWE1YS02NzljLTRjOTktOTk1OS00YzZkYjAzOTRjM2EuanBlZw==,https://encrypted-tbn0.gstatic.com/images?q=tbn:ANd9GcSDbdE3wNH9nQqdx7FDXPgKBYDkCka871-Jpw&usqp=CAU,https://frameru.com/wp-content/uploads/2021/06/Restaurant-facade-logo-mockup.jpg,10.7903544,106.6900355,30,1,https://media-cdn.tripadvisor.com/media/photo-s/13/e5/43/22/fb-img-1532845074912.jpg,03:45:12,500,1000164,1000052,5,2021-10-21 20:36:43,2021-10-21 20:36:43,
1000075,Starbucks (Main & Emerson),182,Điện Biên Phủ,1,2,3,,abc,0123456789,9876543210,3.45-5.75,https://cn-geo1.uber.com/image-proc/resize/eats/format=webp/width=550/height=440/quality=70/srcb64=aHR0cHM6Ly9kMXJhbHNvZ25qbmczNy5jbG91ZGZyb250Lm5ldC8wNDEyNzcwMC0wMTBhLTQ2MDctOWZiZi1hZGMwOWNmMWIyMGQuanBlZw==,https://encrypted-tbn0.gstatic.com/images?q=tbn:ANd9GcSDbdE3wNH9nQqdx7FDXPgKBYDkCka871-Jpw&usqp=CAU,https://frameru.com/wp-content/uploads/2021/06/Restaurant-facade-logo-mockup.jpg,10.7928621,106.6998523,30,1,https://media-cdn.tripadvisor.com/media/photo-s/13/e5/43/22/fb-img-1532845074912.jpg,03:45:12,500,1000166,1000053,5,2020-12-02 03:18:01,2020-12-02 03:18:01,
1000018,COBS Bread (Waterdown),196,Nam Quốc Cang,1,2,3,"Wondering what's the best thing on the menu at this morning go-to? COBS Bread customers might say the Higher Fibre White Loaf, which is one of the most ordered items on the entire menu.",abc,0123456789,9876543210,4.0-7.5,https://cn-geo1.uber.com/image-proc/resize/eats/format=webp/width=550/height=440/quality=70/srcb64=aHR0cHM6Ly9kMXJhbHNvZ25qbmczNy5jbG91ZGZyb250Lm5ldC9hNGRjYWQzOC00ZTdlLTRlODItYjIzMC1kNDYzMzYzNzE1ZGMuanBlZw==,https://encrypted-tbn0.gstatic.com/images?q=tbn:ANd9GcSDbdE3wNH9nQqdx7FDXPgKBYDkCka871-Jpw&usqp=CAU,https://frameru.com/wp-content/uploads/2021/06/Restaurant-facade-logo-mockup.jpg,10.768149,106.6873513,30,1,https://media-cdn.tripadvisor.com/media/photo-s/13/e5/43/22/fb-img-1532845074912.jpg,03:45:12,500,1000167,1000054,5,2019-02-07 02:15:23,2019-02-07 02:15:23,
1000043,Loaded Pierogi,222,Phạm Hồng Thái,1,2,3,,abc,0123456789,9876543210,3.89-11.39,https://cn-geo1.uber.com/image-proc/resize/eats/format=webp/width=550/height=440/quality=70/srcb64=aHR0cHM6Ly9kdXl0NGg5bmZuajUwLmNsb3VkZnJvbnQubmV0L3Jlc2l6ZWQvMWI5OTYzMjAxMzBjZjU2ZTUwMTc1Y2E3MzZmNjI1ZmUtdzU1MC0wOC5qcGc=,https://encrypted-tbn0.gstatic.com/images?q=tbn:ANd9GcSDbdE3wNH9nQqdx7FDXPgKBYDkCka871-Jpw&usqp=CAU,https://frameru.com/wp-content/uploads/2021/06/Restaurant-facade-logo-mockup.jpg,10.7711278,106.6963607,30,1,https://media-cdn.tripadvisor.com/media/photo-s/13/e5/43/22/fb-img-1532845074912.jpg,03:45:12,500,1000168,1000055,5,2018-12-09 16:45:35,2018-12-09 16:45:35,
1000093,The Pheasant Plucker,185,Nguyễn Cư Trinh,1,2,3,"Wondering what's recommended here at this evening go-to? Of the 70 things on the menu, the Angus Smash Burger is one of the items that gets the most orders.",abc,0123456789,9876543210,6.95-16.95,https://cn-geo1.uber.com/image-proc/resize/eats/format=webp/width=550/height=440/quality=70/srcb64=aHR0cHM6Ly9kdXl0NGg5bmZuajUwLmNsb3VkZnJvbnQubmV0L3Jlc2l6ZWQvMTU0MzUyNTA2OTUyNi13NTUwLTI3LmpwZw==,https://encrypted-tbn0.gstatic.com/images?q=tbn:ANd9GcSDbdE3wNH9nQqdx7FDXPgKBYDkCka871-Jpw&usqp=CAU,https://frameru.com/wp-content/uploads/2021/06/Restaurant-facade-logo-mockup.jpg,10.764677,106.6920417,30,1,https://media-cdn.tripadvisor.com/media/photo-s/13/e5/43/22/fb-img-1532845074912.jpg,03:45:12,500,1000169,1000056,5,2019-09-28 08:12:48,2019-09-28 08:12:48,
1000092,The EndZone Bar & Grill,160,Trần Khánh Dư,1,2,3,,abc,0123456789,9876543210,14.48-17.98,https://cn-geo1.uber.com/image-proc/resize/eats/format=webp/width=550/height=440/quality=70/srcb64=aHR0cHM6Ly9kMXJhbHNvZ25qbmczNy5jbG91ZGZyb250Lm5ldC82OTBhYTQ1MS01NDczLTRjNDYtOTI4ZC03Yzk0NDk0ZmFiZmEuanBlZw==,https://encrypted-tbn0.gstatic.com/images?q=tbn:ANd9GcSDbdE3wNH9nQqdx7FDXPgKBYDkCka871-Jpw&usqp=CAU,https://frameru.com/wp-content/uploads/2021/06/Restaurant-facade-logo-mockup.jpg,10.7939396,106.6883397,30,1,https://media-cdn.tripadvisor.com/media/photo-s/13/e5/43/22/fb-img-1532845074912.jpg,03:45:12,500,1000173,1000057,5,2019-06-16 18:39:12,2019-06-16 18:39:12,
1000062,Premier BBQ House,275,Cống Quỳnh,1,2,3,Wondering what's recommended here? The Chickenrice Combo is one of the menu items that gets the most orders at this evening go-to.,abc,0123456789,9876543210,8.85-16.95,https://cn-geo1.uber.com/image-proc/resize/eats/format=webp/width=550/height=440/quality=70/srcb64=aHR0cHM6Ly9kdXl0NGg5bmZuajUwLmNsb3VkZnJvbnQubmV0L3Jlc2l6ZWQvNGY1ZWM5ZGZiNWZiYjYxNjFlMmE1YjZkM2Y4MzQ2NGYtdzU1MC0wMC5qcGc=,https://encrypted-tbn0.gstatic.com/images?q=tbn:ANd9GcSDbdE3wNH9nQqdx7FDXPgKBYDkCka871-Jpw&usqp=CAU,https://frameru.com/wp-content/uploads/2021/06/Restaurant-facade-logo-mockup.jpg,10.7679118,106.6853518,30,1,https://media-cdn.tripadvisor.com/media/photo-s/13/e5/43/22/fb-img-1532845074912.jpg,03:45:12,500,1000174,1000058,5,2019-10-06 17:12:20,2019-10-06 17:12:20,
1000044,Long Horn BBQ & Grill,166,Phan Ngữ,1,2,3,,abc,0123456789,9876543210,6.99-6.99,https://cn-geo1.uber.com/image-proc/resize/eats/format=webp/width=550/height=440/quality=70/srcb64=aHR0cHM6Ly9kdXl0NGg5bmZuajUwLmNsb3VkZnJvbnQubmV0L3Jlc2l6ZWQvMTUyNjU5MDcyNzE3NS13NTUwLTcxLmpwZw==,https://encrypted-tbn0.gstatic.com/images?q=tbn:ANd9GcSDbdE3wNH9nQqdx7FDXPgKBYDkCka871-Jpw&usqp=CAU,https://frameru.com/wp-content/uploads/2021/06/Restaurant-facade-logo-mockup.jpg,10.7907241,106.6960551,30,1,https://media-cdn.tripadvisor.com/media/photo-s/13/e5/43/22/fb-img-1532845074912.jpg,03:45:12,500,1000175,1000059,5,2021-07-26 01:14:22,2021-07-26 01:14:22,
1000090,The Dirty South,213,Nguyễn Khắc Nhu,1,2,3,,abc,0123456789,9876543210,7.5-15.25,https://cn-geo1.uber.com/image-proc/resize/eats/format=webp/width=550/height=440/quality=70/srcb64=aHR0cHM6Ly9kMXJhbHNvZ25qbmczNy5jbG91ZGZyb250Lm5ldC9iYjY3MDllYi02ODY2LTRkMzQtODJmYS1hNjcwMDNmZWU1YzQuanBlZw==,https://encrypted-tbn0.gstatic.com/images?q=tbn:ANd9GcSDbdE3wNH9nQqdx7FDXPgKBYDkCka871-Jpw&usqp=CAU,https://frameru.com/wp-content/uploads/2021/06/Restaurant-facade-logo-mockup.jpg,10.7634131,106.6932528,30,1,https://media-cdn.tripadvisor.com/media/photo-s/13/e5/43/22/fb-img-1532845074912.jpg,03:45:12,500,1000182,1000060,5,2018-01-19 03:19:53,2018-01-19 03:19:53,
1000014,Busy Bee Food Mart,232,Trần Nhật Duật,1,2,3,,abc,0123456789,9876543210,1.99-7.62,https://cn-geo1.uber.com/image-proc/resize/eats/format=webp/width=550/height=440/quality=70/srcb64=aHR0cHM6Ly9kMXJhbHNvZ25qbmczNy5jbG91ZGZyb250Lm5ldC8zMzYxZTFkMi04NDEwLTQ3YWYtYmFhZC00YTU3YjhiYmNlOWMuanBlZw==,https://encrypted-tbn0.gstatic.com/images?q=tbn:ANd9GcSDbdE3wNH9nQqdx7FDXPgKBYDkCka871-Jpw&usqp=CAU,https://frameru.com/wp-content/uploads/2021/06/Restaurant-facade-logo-mockup.jpg,10.7935602,106.6895225,30,1,https://media-cdn.tripadvisor.com/media/photo-s/13/e5/43/22/fb-img-1532845074912.jpg,03:45:12,500,1000190,1000061,5,2018-05-17 03:44:38,2018-05-17 03:44:38,
1000009,Big Bee Food Mart,162,Nam Kỳ Khởi Nghĩa,1,2,3,.,abc,0123456789,9876543210,2.49-3.49,https://cn-geo1.uber.com/image-proc/resize/eats/format=webp/width=550/height=440/quality=70/srcb64=aHR0cHM6Ly9kMXJhbHNvZ25qbmczNy5jbG91ZGZyb250Lm5ldC80MTg4ZWE5Yy0yMjBkLTQ5OTEtYWUyZC00NTM3NGUyYmQzNDEuanBlZw==,https://encrypted-tbn0.gstatic.com/images?q=tbn:ANd9GcSDbdE3wNH9nQqdx7FDXPgKBYDkCka871-Jpw&usqp=CAU,https://frameru.com/wp-content/uploads/2021/06/Restaurant-facade-logo-mockup.jpg,10.7752575,106.6993053,30,1,https://media-cdn.tripadvisor.com/media/photo-s/13/e5/43/22/fb-img-1532845074912.jpg,03:45:12,500,1000191,1000062,5,2020-04-17 11:49:54,2020-04-17 11:49:54,
1000038,INDIAN CHINESE HALAL HAKKA,75,Lý Thái Tổ,1,2,3,Wish you could ask someone what's the best thing on the menu? The Tandoori Naan is one of the menu items that gets the most orders at this evening go-to.,abc,0123456789,9876543210,9.95-12.95,https://cn-geo1.uber.com/image-proc/resize/eats/format=webp/width=550/height=440/quality=70/srcb64=aHR0cHM6Ly9kMXJhbHNvZ25qbmczNy5jbG91ZGZyb250Lm5ldC9lMDAzNjYyNS01N2ExLTQyMDMtYWVmNy1mN2RhOGEzYzI2ZDcuanBlZw==,https://encrypted-tbn0.gstatic.com/images?q=tbn:ANd9GcSDbdE3wNH9nQqdx7FDXPgKBYDkCka871-Jpw&usqp=CAU,https://frameru.com/wp-content/uploads/2021/06/Restaurant-facade-logo-mockup.jpg,10.767095071428573,106.6759322,30,1,https://media-cdn.tripadvisor.com/media/photo-s/13/e5/43/22/fb-img-1532845074912.jpg,03:45:12,500,1000192,1000063,5,2020-09-15 11:21:43,2020-09-15 11:21:43,
1000099,Urban Sub,131,Bà lê Chân,1,2,3,,abc,0123456789,9876543210,5.95-7.99,https://cn-geo1.uber.com/image-proc/resize/eats/format=webp/width=550/height=440/quality=70/srcb64=aHR0cHM6Ly9kdXl0NGg5bmZuajUwLmNsb3VkZnJvbnQubmV0L3Jlc2l6ZWQvMTUyMjg1MTI5MDg3Ni13NTUwLTA2LmpwZw==,https://encrypted-tbn0.gstatic.com/images?q=tbn:ANd9GcSDbdE3wNH9nQqdx7FDXPgKBYDkCka871-Jpw&usqp=CAU,https://frameru.com/wp-content/uploads/2021/06/Restaurant-facade-logo-mockup.jpg,10.7906545,106.6895442,30,1,https://media-cdn.tripadvisor.com/media/photo-s/13/e5/43/22/fb-img-1532845074912.jpg,03:45:12,500,1000196,1000064,5,2019-12-31 03:07:50,2019-12-31 03:07:50,
1000029,Golden Griddle,284,Phạm Hồng Thái,1,2,3,,abc,0123456789,9876543210,9.99-17.99,https://cn-geo1.uber.com/image-proc/resize/eats/format=webp/width=550/height=440/quality=70/srcb64=aHR0cHM6Ly9kMXJhbHNvZ25qbmczNy5jbG91ZGZyb250Lm5ldC9kZDdjNGFmMi02NDQ0LTQ4YWMtYTkxMy00MzFiOWY2Y2E1ZWMuanBlZw==,https://encrypted-tbn0.gstatic.com/images?q=tbn:ANd9GcSDbdE3wNH9nQqdx7FDXPgKBYDkCka871-Jpw&usqp=CAU,https://frameru.com/wp-content/uploads/2021/06/Restaurant-facade-logo-mockup.jpg,10.7711278,106.6963607,30,1,https://media-cdn.tripadvisor.com/media/photo-s/13/e5/43/22/fb-img-1532845074912.jpg,03:45:12,500,1000205,1000065,5,2021-08-28 22:46:39,2021-08-28 22:46:39,
1000021,Crack Me Up,283,Nguyễn Thiệp,1,2,3,"Wish you could ask Crack Me Up customers what's the best thing to order here? If you could, you might expect the answer to be the Big Breakfast, since it's one of the most-ordered items on the entire menu at this morning go-to.",abc,0123456789,9876543210,9.99-12.99,https://cn-geo1.uber.com/image-proc/resize/eats/format=webp/width=550/height=440/quality=70/srcb64=aHR0cHM6Ly9kdXl0NGg5bmZuajUwLmNsb3VkZnJvbnQubmV0L3Jlc2l6ZWQvMTUyNzA5MjY0MjY0NC13NTUwLWE5LmpwZw==,https://encrypted-tbn0.gstatic.com/images?q=tbn:ANd9GcSDbdE3wNH9nQqdx7FDXPgKBYDkCka871-Jpw&usqp=CAU,https://frameru.com/wp-content/uploads/2021/06/Restaurant-facade-logo-mockup.jpg,10.7752623,106.7032867,30,1,https://media-cdn.tripadvisor.com/media/photo-s/13/e5/43/22/fb-img-1532845074912.jpg,03:45:12,500,1000207,1000066,5,2019-12-09 21:08:28,2019-12-09 21:08:28,
1000041,La Creme de la Creme Creamery - Hamilton,219,Pastuer,1,2,3,,abc,0123456789,9876543210,5.0-5.75,https://cn-geo1.uber.com/image-proc/resize/eats/format=webp/width=550/height=440/quality=70/srcb64=aHR0cHM6Ly9kMXJhbHNvZ25qbmczNy5jbG91ZGZyb250Lm5ldC80ZWRmNjdiZC1iODY3LTQwODktODdiOS1mOTFkNjRmNzZhYjIuanBlZw==,https://encrypted-tbn0.gstatic.com/images?q=tbn:ANd9GcSDbdE3wNH9nQqdx7FDXPgKBYDkCka871-Jpw&usqp=CAU,https://frameru.com/wp-content/uploads/2021/06/Restaurant-facade-logo-mockup.jpg,10.7833233,106.6919548,30,1,https://media-cdn.tripadvisor.com/media/photo-s/13/e5/43/22/fb-img-1532845074912.jpg,03:45:12,500,1000208,1000067,5,2019-07-25 23:50:30,2019-07-25 23:50:30,
1000070,SioBento,78,Phan Liêm,1,2,3,,abc,0123456789,9876543210,11.62-14.99,https://cn-geo1.uber.com/image-proc/resize/eats/format=webp/width=550/height=440/quality=70/srcb64=aHR0cHM6Ly9kMXJhbHNvZ25qbmczNy5jbG91ZGZyb250Lm5ldC9mYTljNGJlMy05ZThkLTQzZjgtYmM4Zi02NzEzZTAyZTA1MmMud2VicA==,https://encrypted-tbn0.gstatic.com/images?q=tbn:ANd9GcSDbdE3wNH9nQqdx7FDXPgKBYDkCka871-Jpw&usqp=CAU,https://frameru.com/wp-content/uploads/2021/06/Restaurant-facade-logo-mockup.jpg,10.7887335,106.6959277,30,1,https://media-cdn.tripadvisor.com/media/photo-s/13/e5/43/22/fb-img-1532845074912.jpg,03:45:12,500,1000210,1000068,5,2020-01-04 19:44:53,2020-01-04 19:44:53,
1000002,Ajio Korean and Japanese Restaurant,246,Nguyễn Văn Nghĩa,1,2,3,Wondering what's the best thing to order here? The Ajio Special is one of the items that gets the most orders of the 230 items on the menu at this evening go-to.,abc,0123456789,9876543210,7.49-18.79,https://cn-geo1.uber.com/image-proc/resize/eats/format=webp/width=550/height=440/quality=70/srcb64=aHR0cHM6Ly9kMXJhbHNvZ25qbmczNy5jbG91ZGZyb250Lm5ldC81N2I3MDEyMi03OGY5LTRkYmItOTdiNS1hOTE2ZDRlYjMyMWIud2VicA==,https://encrypted-tbn0.gstatic.com/images?q=tbn:ANd9GcSDbdE3wNH9nQqdx7FDXPgKBYDkCka871-Jpw&usqp=CAU,https://frameru.com/wp-content/uploads/2021/06/Restaurant-facade-logo-mockup.jpg,10.7903544,106.6900355,30,1,https://media-cdn.tripadvisor.com/media/photo-s/13/e5/43/22/fb-img-1532845074912.jpg,03:45:12,500,1000216,1000069,5,2019-05-31 02:02:14,2019-05-31 02:02:14,
1000006,August 8 (James & Wilson),119,Mặc Thị Bưởi,1,2,3,"Wish you could ask someone what's popular here? Of the 230 items on the menu at this evening go-to, the D19.cheese Wonton is one of the items that gets the most orders.",abc,0123456789,9876543210,4.99-12.99,https://cn-geo1.uber.com/image-proc/resize/eats/format=webp/width=550/height=440/quality=70/srcb64=aHR0cHM6Ly9kdXl0NGg5bmZuajUwLmNsb3VkZnJvbnQubmV0L3Jlc2l6ZWQvMWU3YTI2YmUwOTc2ZjEzNDM1Zjc1MzkyMWEwNzkyMTItdzU1MC1lNC5qcGc=,https://encrypted-tbn0.gstatic.com/images?q=tbn:ANd9GcSDbdE3wNH9nQqdx7FDXPgKBYDkCka871-Jpw&usqp=CAU,https://frameru.com/wp-content/uploads/2021/06/Restaurant-facade-logo-mockup.jpg,10.775444,106.704902,30,1,https://media-cdn.tripadvisor.com/media/photo-s/13/e5/43/22/fb-img-1532845074912.jpg,03:45:12,500,1000218,1000070,5,2019-01-05 12:52:31,2019-01-05 12:52:31,
1000073,Spring Sushi,277,Đặng Tất,1,2,3,"Wish you could ask someone what to order here? Users love the Tempura Shrimp Roll, which is one of the most popular items on the menu at this evening go-to.",abc,0123456789,9876543210,6.5-13.99,https://cn-geo1.uber.com/image-proc/resize/eats/format=webp/width=550/height=440/quality=70/srcb64=aHR0cHM6Ly9kdXl0NGg5bmZuajUwLmNsb3VkZnJvbnQubmV0L3Jlc2l6ZWQvZDFmMDE2OWRkOTM1NmY0NTJhNjJjNzFjMmVlMzA2YzItdzU1MC1lMi5qcGc=,https://encrypted-tbn0.gstatic.com/images?q=tbn:ANd9GcSDbdE3wNH9nQqdx7FDXPgKBYDkCka871-Jpw&usqp=CAU,https://frameru.com/wp-content/uploads/2021/06/Restaurant-facade-logo-mockup.jpg,10.7929041,106.6886562,30,1,https://media-cdn.tripadvisor.com/media/photo-s/13/e5/43/22/fb-img-1532845074912.jpg,03:45:12,500,1000223,1000071,5,2018-07-07 07:54:00,2018-07-07 07:54:00,
1000068,Shehnai Restaurant,124,Trần Nhật Duật,1,2,3,,abc,0123456789,9876543210,13.5-13.75,https://cn-geo1.uber.com/image-proc/resize/eats/format=webp/width=550/height=440/quality=70/srcb64=aHR0cHM6Ly9kMXJhbHNvZ25qbmczNy5jbG91ZGZyb250Lm5ldC8wMTcyZWUzYS00ZjdlLTQ0MTMtYjExYy04Nzc2ZGVjMTY2ZjM=,https://encrypted-tbn0.gstatic.com/images?q=tbn:ANd9GcSDbdE3wNH9nQqdx7FDXPgKBYDkCka871-Jpw&usqp=CAU,https://frameru.com/wp-content/uploads/2021/06/Restaurant-facade-logo-mockup.jpg,10.7935602,106.6895225,30,1,https://media-cdn.tripadvisor.com/media/photo-s/13/e5/43/22/fb-img-1532845074912.jpg,03:45:12,500,1000224,1000072,5,2020-05-22 06:55:16,2020-05-22 06:55:16,
1000010,Bombay Grill Restaurant,203,Lê Thánh Tôn,1,2,3,,abc,0123456789,9876543210,5.0-17.6,https://cn-geo1.uber.com/image-proc/resize/eats/format=webp/width=550/height=440/quality=70/srcb64=aHR0cHM6Ly9kdXl0NGg5bmZuajUwLmNsb3VkZnJvbnQubmV0L3Jlc2l6ZWQvMmIxZDBlMzZhMmFmMTI3M2Y2MGY3MmUwMWEzOTVkZTAtdzU1MC1lMC5qcGc=,https://encrypted-tbn0.gstatic.com/images?q=tbn:ANd9GcSDbdE3wNH9nQqdx7FDXPgKBYDkCka871-Jpw&usqp=CAU,https://frameru.com/wp-content/uploads/2021/06/Restaurant-facade-logo-mockup.jpg,10.7765533,106.7011954,30,1,https://media-cdn.tripadvisor.com/media/photo-s/13/e5/43/22/fb-img-1532845074912.jpg,03:45:12,500,1000229,1000073,5,2019-11-27 16:11:18,2019-11-27 16:11:18,
1000003,Alamin Charcoal Flame,70,Nguyễn Văn Bình,1,2,3,"Wish you could ask Alamin Charcoal Flame customers what's the best thing to order here? Of the 90 things on the menu at this evening go-to, the Half Chicken Plate is one of the most-ordered items.",abc,0123456789,9876543210,10.99-14.99,https://cn-geo1.uber.com/image-proc/resize/eats/format=webp/width=550/height=440/quality=70/srcb64=aHR0cHM6Ly9kdXl0NGg5bmZuajUwLmNsb3VkZnJvbnQubmV0L3Jlc2l6ZWQvN2Q5YWU5NzUyZTU1YzA3NWMxMmMzOTJlMTEwMjI4OTItdzU1MC1kMC5qcGc=,https://encrypted-tbn0.gstatic.com/images?q=tbn:ANd9GcSDbdE3wNH9nQqdx7FDXPgKBYDkCka871-Jpw&usqp=CAU,https://frameru.com/wp-content/uploads/2021/06/Restaurant-facade-logo-mockup.jpg,10.7801389,106.6992811,30,1,https://media-cdn.tripadvisor.com/media/photo-s/13/e5/43/22/fb-img-1532845074912.jpg,03:45:12,500,1000236,1000074,5,2020-02-11 13:39:51,2020-02-11 13:39:51,
1000100,Warraich Meats,182,Phan Kế Bính,1,2,3,"Wish you could ask someone what's best here? Of the 70 items on the menu at this evening go-to, the Plain Naan is one of the items that gets the most orders.",abc,0123456789,9876543210,6.89-12.64,https://cn-geo1.uber.com/image-proc/resize/eats/format=webp/width=550/height=440/quality=70/srcb64=aHR0cHM6Ly9kMXJhbHNvZ25qbmczNy5jbG91ZGZyb250Lm5ldC9iOTc4YzAwMC1jZmQ5LTRkYjItOTJmMy00ZDQ5ZjgwODVlYmUuanBlZw==,https://encrypted-tbn0.gstatic.com/images?q=tbn:ANd9GcSDbdE3wNH9nQqdx7FDXPgKBYDkCka871-Jpw&usqp=CAU,https://frameru.com/wp-content/uploads/2021/06/Restaurant-facade-logo-mockup.jpg,10.7900834,106.6991415,30,1,https://media-cdn.tripadvisor.com/media/photo-s/13/e5/43/22/fb-img-1532845074912.jpg,03:45:12,500,1000237,1000075,5,2020-05-01 05:42:07,2020-05-01 05:42:07,
1000008,Bedrock Bistro,66,Nguyễn Hữu Cảnh,1,2,3,,abc,0123456789,9876543210,11.99-14.29,https://cn-geo1.uber.com/image-proc/resize/eats/format=webp/width=550/height=440/quality=70/srcb64=aHR0cHM6Ly9kMXJhbHNvZ25qbmczNy5jbG91ZGZyb250Lm5ldC80N2UxOTIzYi04NmRkLTQ3MGMtODczNy05YTFhZjEwYmRhMjE=,https://encrypted-tbn0.gstatic.com/images?q=tbn:ANd9GcSDbdE3wNH9nQqdx7FDXPgKBYDkCka871-Jpw&usqp=CAU,https://frameru.com/wp-content/uploads/2021/06/Restaurant-facade-logo-mockup.jpg,10.7851091,106.708388,30,1,https://media-cdn.tripadvisor.com/media/photo-s/13/e5/43/22/fb-img-1532845074912.jpg,03:45:12,500,1000238,1000076,5,2018-02-03 10:51:36,2018-02-03 10:51:36,
1000007,Beasley's Bistro Bar,62,Hàn Thuyên,1,2,3,,abc,0123456789,9876543210,13.0-19.0,https://cn-geo1.uber.com/image-proc/resize/eats/format=webp/width=550/height=440/quality=70/srcb64=aHR0cHM6Ly9kMXJhbHNvZ25qbmczNy5jbG91ZGZyb250Lm5ldC9hYTc5NWMxMS0wZTdlLTRlNmQtYTMwMC01ZmYxNTRiNDk5NTQuanBlZw==,https://encrypted-tbn0.gstatic.com/images?q=tbn:ANd9GcSDbdE3wNH9nQqdx7FDXPgKBYDkCka871-Jpw&usqp=CAU,https://frameru.com/wp-content/uploads/2021/06/Restaurant-facade-logo-mockup.jpg,10.8461296,106.7702819,30,1,https://media-cdn.tripadvisor.com/media/photo-s/13/e5/43/22/fb-img-1532845074912.jpg,03:45:12,500,1000239,1000077,5,2020-01-06 07:26:59,2020-01-06 07:26:59,
1000072,Snackfoods (Hamilton),50,Nguyễn Huệ,1,2,3,,abc,0123456789,9876543210,4.95-8.99,https://cn-geo1.uber.com/image-proc/resize/eats/format=webp/width=550/height=440/quality=70/srcb64=aHR0cHM6Ly9kMXJhbHNvZ25qbmczNy5jbG91ZGZyb250Lm5ldC9hYzY5ZDE1OC0wM2QwLTRkYWItYmI2ZC0xZDYwODI4YjExN2IuanBlZw==,https://encrypted-tbn0.gstatic.com/images?q=tbn:ANd9GcSDbdE3wNH9nQqdx7FDXPgKBYDkCka871-Jpw&usqp=CAU,https://frameru.com/wp-content/uploads/2021/06/Restaurant-facade-logo-mockup.jpg,10.77423,106.704016,30,1,https://media-cdn.tripadvisor.com/media/photo-s/13/e5/43/22/fb-img-1532845074912.jpg,03:45:12,500,1000240,1000078,5,2021-12-23 19:32:33,2021-12-23 19:32:33,
1000022,Dollar and Convenience,216,Trần Khánh Dư,1,2,3,,abc,0123456789,9876543210,4.48-9.99,https://cn-geo1.uber.com/image-proc/resize/eats/format=webp/width=550/height=440/quality=70/srcb64=aHR0cHM6Ly9kMXJhbHNvZ25qbmczNy5jbG91ZGZyb250Lm5ldC9hMjNmNDA1MS1lYTM1LTQ0ZDctOWJjZi1mZGQ3N2VlZWIyMzcud2VicA==,https://encrypted-tbn0.gstatic.com/images?q=tbn:ANd9GcSDbdE3wNH9nQqdx7FDXPgKBYDkCka871-Jpw&usqp=CAU,https://frameru.com/wp-content/uploads/2021/06/Restaurant-facade-logo-mockup.jpg,10.7939396,106.6883397,30,1,https://media-cdn.tripadvisor.com/media/photo-s/13/e5/43/22/fb-img-1532845074912.jpg,03:45:12,500,1000247,1000079,5,2019-09-15 04:44:10,2019-09-15 04:44:10,
1000020,Corner Variety Snack Foods,104,Nguyễn Công Chứ,1,2,3,"Wish you could ask Corner Variety Snack Foods customers what's best here? Of the 2,300 things on the menu at this late at night go-to, the Combo 2 is one of the most-ordered items.",abc,0123456789,9876543210,4.99-7.99,https://cn-geo1.uber.com/image-proc/resize/eats/format=webp/width=550/height=440/quality=70/srcb64=aHR0cHM6Ly9kMXJhbHNvZ25qbmczNy5jbG91ZGZyb250Lm5ldC9mZjA2YzRjYi0xZGM4LTRmNDAtODkzZS0xZDlhZmY4NjA0ZTEuanBlZw==,https://encrypted-tbn0.gstatic.com/images?q=tbn:ANd9GcSDbdE3wNH9nQqdx7FDXPgKBYDkCka871-Jpw&usqp=CAU,https://frameru.com/wp-content/uploads/2021/06/Restaurant-facade-logo-mockup.jpg,10.5989578,106.8600703,30,1,https://media-cdn.tripadvisor.com/media/photo-s/13/e5/43/22/fb-img-1532845074912.jpg,03:45:12,500,1000248,1000080,5,2018-05-21 22:23:41,2018-05-21 22:23:41,
1000052,Montfort Upper James,277,Huyền Quang,1,2,3,"Wish you could ask Montfort Upper James customers what to order here? Of the 80 things on the menu at this evening go-to, the Montfort Chicken Dish is one of the most-ordered items.",abc,0123456789,9876543210,1.5-19.5,https://cn-geo1.uber.com/image-proc/resize/eats/format=webp/width=550/height=440/quality=70/srcb64=aHR0cHM6Ly9kdXl0NGg5bmZuajUwLmNsb3VkZnJvbnQubmV0L3Jlc2l6ZWQvNzRlY2YwY2ZhNWQzYTE1ZWNkZDYxYjMyNDJlZGExMGQtdzU1MC0wOC5qcGc=,https://encrypted-tbn0.gstatic.com/images?q=tbn:ANd9GcSDbdE3wNH9nQqdx7FDXPgKBYDkCka871-Jpw&usqp=CAU,https://frameru.com/wp-content/uploads/2021/06/Restaurant-facade-logo-mockup.jpg,10.7913278,106.6917892,30,1,https://media-cdn.tripadvisor.com/media/photo-s/13/e5/43/22/fb-img-1532845074912.jpg,03:45:12,500,1000254,1000081,5,2019-10-20 16:26:02,2019-10-20 16:26:02,
1000050,Moghul Fine Indian Restaurant,132,Đặng Tất,1,2,3,"Wish you could ask someone what's recommended here? Users love the Naan, which is one of the most popular items on the menu at this evening go-to.",abc,0123456789,9876543210,4.5-12.99,https://cn-geo1.uber.com/image-proc/resize/eats/format=webp/width=550/height=440/quality=70/srcb64=aHR0cHM6Ly9kMXJhbHNvZ25qbmczNy5jbG91ZGZyb250Lm5ldC9mZjMwNzc0Yy1hOGU1LTRiMmQtYjgyMC04MGJkOWMzNzRmNTYuanBlZw==,https://encrypted-tbn0.gstatic.com/images?q=tbn:ANd9GcSDbdE3wNH9nQqdx7FDXPgKBYDkCka871-Jpw&usqp=CAU,https://frameru.com/wp-content/uploads/2021/06/Restaurant-facade-logo-mockup.jpg,10.7929041,106.6886562,30,1,https://media-cdn.tripadvisor.com/media/photo-s/13/e5/43/22/fb-img-1532845074912.jpg,03:45:12,500,1000255,1000082,5,2019-12-02 15:54:24,2019-12-02 15:54:24,
1000086,Teafun (Hamilton),129,Trần Cao Vân,1,2,3,,abc,0123456789,9876543210,6.99-15.99,https://cn-geo1.uber.com/image-proc/resize/eats/format=webp/width=550/height=440/quality=70/srcb64=aHR0cHM6Ly9kMXJhbHNvZ25qbmczNy5jbG91ZGZyb250Lm5ldC9lNDExYzVkYi00NzhkLTQxMzAtYTZjYS1iM2Q0Mjc0YWZiMjI=,https://encrypted-tbn0.gstatic.com/images?q=tbn:ANd9GcSDbdE3wNH9nQqdx7FDXPgKBYDkCka871-Jpw&usqp=CAU,https://frameru.com/wp-content/uploads/2021/06/Restaurant-facade-logo-mockup.jpg,10.7855644,106.6986338,30,1,https://media-cdn.tripadvisor.com/media/photo-s/13/e5/43/22/fb-img-1532845074912.jpg,03:45:12,500,1000256,1000083,5,2019-07-04 19:40:06,2019-07-04 19:40:06,
1000056,OKO Bagels,232,Nguyễn Cửu Vân,1,2,3,"Wondering what to order at this morning go-to? Of the 40 things on the menu, the Bagel is one of the items that gets the most orders.",abc,0123456789,9876543210,2.95-8.95,https://cn-geo1.uber.com/image-proc/resize/eats/format=webp/width=550/height=440/quality=70/srcb64=aHR0cHM6Ly9kMXJhbHNvZ25qbmczNy5jbG91ZGZyb250Lm5ldC80NzEzMzhhNC1mNTRiLTRlYjUtOGEzZS02ZjJiZGFiMjAyMzkuanBlZw==,https://encrypted-tbn0.gstatic.com/images?q=tbn:ANd9GcSDbdE3wNH9nQqdx7FDXPgKBYDkCka871-Jpw&usqp=CAU,https://frameru.com/wp-content/uploads/2021/06/Restaurant-facade-logo-mockup.jpg,10.7958038,106.7069734,30,1,https://media-cdn.tripadvisor.com/media/photo-s/13/e5/43/22/fb-img-1532845074912.jpg,03:45:12,500,1000258,1000084,5,2019-03-15 02:04:03,2019-03-15 02:04:03,
1000105,Winchester Arms,23,Ngô Quyền,1,2,3,"Wondering what's the best thing to order here at this evening go-to? Of the 60 things on the menu, the Chicken Wings is one of the items that gets the most orders.",abc,0123456789,9876543210,8.0-19.0,https://cn-geo1.uber.com/image-proc/resize/eats/format=webp/width=550/height=440/quality=70/srcb64=aHR0cHM6Ly9kMXJhbHNvZ25qbmczNy5jbG91ZGZyb250Lm5ldC8wODI3MzYyMi01NmNmLTQwMDgtOTllYy1hYjIyOWJkMjI2ZTguanBlZw==,https://encrypted-tbn0.gstatic.com/images?q=tbn:ANd9GcSDbdE3wNH9nQqdx7FDXPgKBYDkCka871-Jpw&usqp=CAU,https://frameru.com/wp-content/uploads/2021/06/Restaurant-facade-logo-mockup.jpg,10.7598155,106.6653626,30,1,https://media-cdn.tripadvisor.com/media/photo-s/13/e5/43/22/fb-img-1532845074912.jpg,03:45:12,500,1000259,1000085,5,2021-07-05 06:20:19,2021-07-05 06:20:19,
1000065,Real Fruit Bubble Tea (Lime Ridge),80,Nguyễn An Ninh,1,2,3,,abc,0123456789,9876543210,5.49-6.79,https://cn-geo1.uber.com/image-proc/resize/eats/format=webp/width=550/height=440/quality=70/srcb64=aHR0cHM6Ly9kMXJhbHNvZ25qbmczNy5jbG91ZGZyb250Lm5ldC9iYzdhYTM0ZS05MWNlLTQ3NGItOGVjMS03OWMxMDkzNTQ2OWIuanBlZw==,https://encrypted-tbn0.gstatic.com/images?q=tbn:ANd9GcSDbdE3wNH9nQqdx7FDXPgKBYDkCka871-Jpw&usqp=CAU,https://frameru.com/wp-content/uploads/2021/06/Restaurant-facade-logo-mockup.jpg,10.7718045,106.6969256,30,1,https://media-cdn.tripadvisor.com/media/photo-s/13/e5/43/22/fb-img-1532845074912.jpg,03:45:12,500,1000263,1000086,5,2021-11-29 19:38:22,2021-11-29 19:38:22,
1000019,CoCo Fresh Tea & Juice (Main Street E),91,Nguyễn Văn Tráng,1,2,3,"You've found one of the places in all of Hamilton on Uber Eats. Wish you could ask someone what to order here? Of the 60 things on the menu at this evening go-to, the Two Ladies Milk Tea is one of the most popular items and the Brown Sugar Pearl Milk Tea and the Taro Milk Tea are two of the items that are most commonly ordered together.",abc,0123456789,9876543210,5.65-6.35,https://cn-geo1.uber.com/image-proc/resize/eats/format=webp/width=550/height=440/quality=70/srcb64=aHR0cHM6Ly9kMXJhbHNvZ25qbmczNy5jbG91ZGZyb250Lm5ldC85NmRlZmM0Ni1hY2RjLTQwMTgtYTM2Yi1lYWZkZjEyZWFlN2U=,https://encrypted-tbn0.gstatic.com/images?q=tbn:ANd9GcSDbdE3wNH9nQqdx7FDXPgKBYDkCka871-Jpw&usqp=CAU,https://frameru.com/wp-content/uploads/2021/06/Restaurant-facade-logo-mockup.jpg,10.7701097,106.6922843,30,1,https://media-cdn.tripadvisor.com/media/photo-s/13/e5/43/22/fb-img-1532845074912.jpg,03:45:12,500,1000265,1000087,5,2020-07-01 15:06:10,2020-07-01 15:06:10,
1000030,Gong Cha (109 James St),119,Trương Định,1,2,3,,abc,0123456789,9876543210,5.9-6.7,https://cn-geo1.uber.com/image-proc/resize/eats/format=webp/width=550/height=440/quality=70/srcb64=aHR0cHM6Ly9kMXJhbHNvZ25qbmczNy5jbG91ZGZyb250Lm5ldC82MGI2ZGQ4Ny03YjcyLTRhYmEtYmNjMS0zYjJmMTRmMzY5ZDAuanBlZw==,https://encrypted-tbn0.gstatic.com/images?q=tbn:ANd9GcSDbdE3wNH9nQqdx7FDXPgKBYDkCka871-Jpw&usqp=CAU,https://frameru.com/wp-content/uploads/2021/06/Restaurant-facade-logo-mockup.jpg,10.772787,106.6954284,30,1,https://media-cdn.tripadvisor.com/media/photo-s/13/e5/43/22/fb-img-1532845074912.jpg,03:45:12,500,1000268,1000088,5,2018-12-11 06:24:57,2018-12-11 06:24:57,
1000085,Tea Hut Bubble Tea Smoothies Juice & Snacks,171,Bùi Viện,1,2,3,"This place is among the hottest spots on Uber Eats in all of Hamilton. At this late at night go-to, the 02 Popcorn Chicken is one of the most ordered items on the menu and the 02 Popcorn Chicken and the 35 Takoyaki Balls are two of the items most commonly ordered together.",abc,0123456789,9876543210,4.95-6.96,https://cn-geo1.uber.com/image-proc/resize/eats/format=webp/width=550/height=440/quality=70/srcb64=aHR0cHM6Ly9kMXJhbHNvZ25qbmczNy5jbG91ZGZyb250Lm5ldC80OTNkYWM0ZC04NTM5LTQ5NjMtOWVlZC05MmNhMWE4MDdiN2UuanBlZw==,https://encrypted-tbn0.gstatic.com/images?q=tbn:ANd9GcSDbdE3wNH9nQqdx7FDXPgKBYDkCka871-Jpw&usqp=CAU,https://frameru.com/wp-content/uploads/2021/06/Restaurant-facade-logo-mockup.jpg,10.7677658,106.694723,30,1,https://media-cdn.tripadvisor.com/media/photo-s/13/e5/43/22/fb-img-1532845074912.jpg,03:45:12,500,1000269,1000089,5,2020-10-21 21:16:38,2020-10-21 21:16:38,
1000069,Shuyi Tealicious 书亦烧仙草,254,Hồ Tùng Mậu,1,2,3,,abc,0123456789,9876543210,6.45-7.3,https://cn-geo1.uber.com/image-proc/resize/eats/format=webp/width=550/height=440/quality=70/srcb64=aHR0cHM6Ly9kMXJhbHNvZ25qbmczNy5jbG91ZGZyb250Lm5ldC84ODZiZjg3OS1jOTZjLTQzNDYtOTYxYS1kYmM3ZjdjOWFkODUuanBlZw==,https://encrypted-tbn0.gstatic.com/images?q=tbn:ANd9GcSDbdE3wNH9nQqdx7FDXPgKBYDkCka871-Jpw&usqp=CAU,https://frameru.com/wp-content/uploads/2021/06/Restaurant-facade-logo-mockup.jpg,10.7733666,106.7030664,30,1,https://media-cdn.tripadvisor.com/media/photo-s/13/e5/43/22/fb-img-1532845074912.jpg,03:45:12,500,1000270,1000090,5,2019-12-31 05:50:14,2019-12-31 05:50:14,
1000096,The Works Craft Burgers & Beers,15,Nguyễn An Ninh,1,2,3,,abc,0123456789,9876543210,19.87-21.54,https://cn-geo1.uber.com/image-proc/resize/eats/format=webp/width=550/height=440/quality=70/srcb64=aHR0cHM6Ly9kMXJhbHNvZ25qbmczNy5jbG91ZGZyb250Lm5ldC85YTIxZmYxMC1iYWFiLTQ3NTAtYTJhZC04MDkxODc3YTIwMzguanBlZw==,https://encrypted-tbn0.gstatic.com/images?q=tbn:ANd9GcSDbdE3wNH9nQqdx7FDXPgKBYDkCka871-Jpw&usqp=CAU,https://frameru.com/wp-content/uploads/2021/06/Restaurant-facade-logo-mockup.jpg,10.7715163,106.6973599,30,1,https://media-cdn.tripadvisor.com/media/photo-s/13/e5/43/22/fb-img-1532845074912.jpg,03:45:12,500,1000275,1000091,5,2020-09-23 18:45:33,2020-09-23 18:45:33,
1000013,Burger King #12773,129,Nguyễn Du,1,2,3,,abc,0123456789,9876543210,3.89-12.59,https://cn-geo1.uber.com/image-proc/resize/eats/format=webp/width=550/height=440/quality=70/srcb64=aHR0cHM6Ly9kMXJhbHNvZ25qbmczNy5jbG91ZGZyb250Lm5ldC8xNmI4ZTVhZS1hNWM1LTRiYjctOWM0Ny1mMTY3NTg5ODJjNGUuanBlZw==,https://encrypted-tbn0.gstatic.com/images?q=tbn:ANd9GcSDbdE3wNH9nQqdx7FDXPgKBYDkCka871-Jpw&usqp=CAU,https://frameru.com/wp-content/uploads/2021/06/Restaurant-facade-logo-mockup.jpg,10.7789589,106.6999132,30,1,https://media-cdn.tripadvisor.com/media/photo-s/13/e5/43/22/fb-img-1532845074912.jpg,03:45:12,500,1000281,1000092,5,2021-03-27 22:49:47,2021-03-27 22:49:47,
1000097,Tim Hortons (239 King Stw),30,Yersin,1,2,3,,abc,0123456789,9876543210,1.69-3.51,https://cn-geo1.uber.com/image-proc/resize/eats/format=webp/width=550/height=440/quality=70/srcb64=aHR0cHM6Ly9kMXJhbHNvZ25qbmczNy5jbG91ZGZyb250Lm5ldC9iZGZiMWE1YS02NzljLTRjOTktOTk1OS00YzZkYjAzOTRjM2EuanBlZw==,https://encrypted-tbn0.gstatic.com/images?q=tbn:ANd9GcSDbdE3wNH9nQqdx7FDXPgKBYDkCka871-Jpw&usqp=CAU,https://frameru.com/wp-content/uploads/2021/06/Restaurant-facade-logo-mockup.jpg,10.7694134,106.6963686,30,1,https://media-cdn.tripadvisor.com/media/photo-s/13/e5/43/22/fb-img-1532845074912.jpg,03:45:12,500,1000282,1000093,5,2020-07-25 02:11:34,2020-07-25 02:11:34,
1000103,Williams Fresh Cafe,41,Nguyễn Huệ,1,2,3,,abc,0123456789,9876543210,5.5-10.0,https://cn-geo1.uber.com/image-proc/resize/eats/format=webp/width=550/height=440/quality=70/srcb64=aHR0cHM6Ly9kMXJhbHNvZ25qbmczNy5jbG91ZGZyb250Lm5ldC8xYzRlN2E1NS05OWMxLTRkZWQtYTQxNy1iZTA0OGQ2M2YwMmEuanBlZw==,https://encrypted-tbn0.gstatic.com/images?q=tbn:ANd9GcSDbdE3wNH9nQqdx7FDXPgKBYDkCka871-Jpw&usqp=CAU,https://frameru.com/wp-content/uploads/2021/06/Restaurant-facade-logo-mockup.jpg,10.7741058,106.7031644,30,1,https://media-cdn.tripadvisor.com/media/photo-s/13/e5/43/22/fb-img-1532845074912.jpg,03:45:12,500,1000288,1000094,5,2020-05-13 07:31:45,2020-05-13 07:31:45,
1000049,Mikel Coffee Shop,268,Hồ Hảo Hớn,1,2,3,,abc,0123456789,9876543210,3.95-5.95,https://cn-geo1.uber.com/image-proc/resize/eats/format=webp/width=550/height=440/quality=70/srcb64=aHR0cHM6Ly9kMXJhbHNvZ25qbmczNy5jbG91ZGZyb250Lm5ldC8xNzI5ZGM4MS1kOWVlLTRiYTQtOTAzYy1jMTE1YTM1NjE2M2UuanBlZw==,https://encrypted-tbn0.gstatic.com/images?q=tbn:ANd9GcSDbdE3wNH9nQqdx7FDXPgKBYDkCka871-Jpw&usqp=CAU,https://frameru.com/wp-content/uploads/2021/06/Restaurant-facade-logo-mockup.jpg,10.761141,106.692492,30,1,https://media-cdn.tripadvisor.com/media/photo-s/13/e5/43/22/fb-img-1532845074912.jpg,03:45:12,500,1000289,1000095,5,2021-07-21 13:57:17,2021-07-21 13:57:17,
1000048,McDonald's (Barton & Lottridge),184,Trịnh Văn Cẩn,1,2,3,.,abc,0123456789,9876543210,1.89-5.32,https://cn-geo1.uber.com/image-proc/resize/eats/format=webp/width=550/height=440/quality=70/srcb64=aHR0cHM6Ly9kMXJhbHNvZ25qbmczNy5jbG91ZGZyb250Lm5ldC8yZTE0OTk1Yy05ZThiLTQzMDUtOTJhYi1hMGE4Njg0N2UzNjAuanBlZw==,https://encrypted-tbn0.gstatic.com/images?q=tbn:ANd9GcSDbdE3wNH9nQqdx7FDXPgKBYDkCka871-Jpw&usqp=CAU,https://frameru.com/wp-content/uploads/2021/06/Restaurant-facade-logo-mockup.jpg,10.7672615,106.6963863,30,1,https://media-cdn.tripadvisor.com/media/photo-s/13/e5/43/22/fb-img-1532845074912.jpg,03:45:12,500,1000293,1000096,5,2021-03-13 03:34:43,2021-03-13 03:34:43,
1000063,Queen desserts,93,Lý Thái Tổ,1,2,3,,abc,0123456789,9876543210,3.49-15.99,https://cn-geo1.uber.com/image-proc/resize/eats/format=webp/width=550/height=440/quality=70/srcb64=aHR0cHM6Ly9kMXJhbHNvZ25qbmczNy5jbG91ZGZyb250Lm5ldC9kOWFiYmY2YS0yODg4LTQ0MjQtODA4Zi1jZjViNGJhY2ViYjcuanBlZw==,https://encrypted-tbn0.gstatic.com/images?q=tbn:ANd9GcSDbdE3wNH9nQqdx7FDXPgKBYDkCka871-Jpw&usqp=CAU,https://frameru.com/wp-content/uploads/2021/06/Restaurant-facade-logo-mockup.jpg,10.7675234,106.6752481,30,1,https://media-cdn.tripadvisor.com/media/photo-s/13/e5/43/22/fb-img-1532845074912.jpg,03:45:12,500,1000295,1000097,5,2020-01-31 01:11:58,2020-01-31 01:11:58,
1000081,Sweet Jesus (Limeridge Mall),210,Mặc Thị Bưởi,1,2,3,"Wondering what's best here at this evening go-to? Sweet Jesus customers might say the Bangin' Brownie, which is one of the most popular items on the entire menu.",abc,0123456789,9876543210,8.0-18.0,https://cn-geo1.uber.com/image-proc/resize/eats/format=webp/width=550/height=440/quality=70/srcb64=aHR0cHM6Ly9kMXJhbHNvZ25qbmczNy5jbG91ZGZyb250Lm5ldC9kOGFhNjI2Yy1iYmNjLTRkOTUtOTJhOS1mNGUwYWQyNDc5MTE=,https://encrypted-tbn0.gstatic.com/images?q=tbn:ANd9GcSDbdE3wNH9nQqdx7FDXPgKBYDkCka871-Jpw&usqp=CAU,https://frameru.com/wp-content/uploads/2021/06/Restaurant-facade-logo-mockup.jpg,10.775444,106.704902,30,1,https://media-cdn.tripadvisor.com/media/photo-s/13/e5/43/22/fb-img-1532845074912.jpg,03:45:12,500,1000297,1000098,5,2018-05-27 03:36:46,2018-05-27 03:36:46,
1000082,Sweet Tooth (Hamilton),111,Trần Đình Xu,1,2,3,"Wish you could ask Sweet Tooth customers what's popular here? Of the 30 things on the menu at this evening go-to, the Colossal Carrot Cake is one of the most-ordered items.",abc,0123456789,9876543210,7.99-8.99,https://cn-geo1.uber.com/image-proc/resize/eats/format=webp/width=550/height=440/quality=70/srcb64=aHR0cHM6Ly9kMXJhbHNvZ25qbmczNy5jbG91ZGZyb250Lm5ldC8wNWIzMGFmMS0yOGY5LTQ5MzItOWFkNy1hNGM3ODRlNGVjZmMuanBlZw==,https://encrypted-tbn0.gstatic.com/images?q=tbn:ANd9GcSDbdE3wNH9nQqdx7FDXPgKBYDkCka871-Jpw&usqp=CAU,https://frameru.com/wp-content/uploads/2021/06/Restaurant-facade-logo-mockup.jpg,10.7604444,106.6915233,30,1,https://media-cdn.tripadvisor.com/media/photo-s/13/e5/43/22/fb-img-1532845074912.jpg,03:45:12,500,1000301,1000099,5,2018-09-24 11:05:09,2018-09-24 11:05:09,
1000059,Panini and Ice Cream,5,Nguyễn Đình Chiểu,1,2,3,,abc,0123456789,9876543210,7.99-9.55,https://cn-geo1.uber.com/image-proc/resize/eats/format=webp/width=550/height=440/quality=70/srcb64=aHR0cHM6Ly9kMXJhbHNvZ25qbmczNy5jbG91ZGZyb250Lm5ldC9lNGIwOGJjZS1kMGYyLTQ2ODItOGI4Mi1lNjAzOTljZjUyZWEuanBlZw==,https://encrypted-tbn0.gstatic.com/images?q=tbn:ANd9GcSDbdE3wNH9nQqdx7FDXPgKBYDkCka871-Jpw&usqp=CAU,https://frameru.com/wp-content/uploads/2021/06/Restaurant-facade-logo-mockup.jpg,10.8035674,106.6800435,30,1,https://media-cdn.tripadvisor.com/media/photo-s/13/e5/43/22/fb-img-1532845074912.jpg,03:45:12,500,1000311,1000100,5,2018-11-18 20:52:05,2018-11-18 20:52:05,
1000045,Marble Slab Creamery (1550 Upper James St),100,Lương Hữu Khánh,1,2,3,,abc,0123456789,9876543210,1.99-11.99,https://cn-geo1.uber.com/image-proc/resize/eats/format=webp/width=550/height=440/quality=70/srcb64=aHR0cHM6Ly9kMXJhbHNvZ25qbmczNy5jbG91ZGZyb250Lm5ldC8xMTcyMmM3Ny0zMzgxLTRiY2QtYjZmOC1hOWQ2YzhmMjg2MGIuanBlZw==,https://encrypted-tbn0.gstatic.com/images?q=tbn:ANd9GcSDbdE3wNH9nQqdx7FDXPgKBYDkCka871-Jpw&usqp=CAU,https://frameru.com/wp-content/uploads/2021/06/Restaurant-facade-logo-mockup.jpg,10.7682445,106.6883019,30,1,https://media-cdn.tripadvisor.com/media/photo-s/13/e5/43/22/fb-img-1532845074912.jpg,03:45:12,500,1000317,1000101,5,2020-10-16 05:39:32,2020-10-16 05:39:32,
1000071,Smoke's Poutinerie (Hamilton),120,Cáo Bá Quát,1,2,3,Here's one of the hottest delivery spots in all of Hamilton among Uber Eats users. Wish you could ask someone what's best here? The Side Action Combo is one of the most ordered items on the menu and the Fried Cheese Curds and the Traditional are two of the items most commonly ordered together at this evening go-to.,abc,0123456789,9876543210,12.99-19.99,https://cn-geo1.uber.com/image-proc/resize/eats/format=webp/width=550/height=440/quality=70/srcb64=aHR0cHM6Ly9kdXl0NGg5bmZuajUwLmNsb3VkZnJvbnQubmV0L3Jlc2l6ZWQvZjExZWJlZmMzNGVhZjg2ZGUwZDM3NzU2YmQ2MTJiNzAtdzU1MC0xMS5qcGc=,https://encrypted-tbn0.gstatic.com/images?q=tbn:ANd9GcSDbdE3wNH9nQqdx7FDXPgKBYDkCka871-Jpw&usqp=CAU,https://frameru.com/wp-content/uploads/2021/06/Restaurant-facade-logo-mockup.jpg,10.7783784,106.7045349,30,1,https://media-cdn.tripadvisor.com/media/photo-s/13/e5/43/22/fb-img-1532845074912.jpg,03:45:12,500,1000318,1000102,5,2021-11-23 03:53:14,2021-11-23 03:53:14,
1000034,Harvey's (Fennell Ave),197,Phan Văn Trường,1,2,3,"This place is one of the hottest places for delivery in all of Hamilton on Uber Eats. At this evening go-to, the Angus Burger Combo is one of the most ordered items on the menu and the Double Original Burger Combo and the Original Burger Combo are two of the items most commonly ordered together.",abc,0123456789,9876543210,5.84-11.49,https://cn-geo1.uber.com/image-proc/resize/eats/format=webp/width=550/height=440/quality=70/srcb64=aHR0cHM6Ly9kMXJhbHNvZ25qbmczNy5jbG91ZGZyb250Lm5ldC82OWJkMmIyNi1kODRkLTRhMWEtYTE4OC01YzhlMGFmNDI0ZjMuanBlZw==,https://encrypted-tbn0.gstatic.com/images?q=tbn:ANd9GcSDbdE3wNH9nQqdx7FDXPgKBYDkCka871-Jpw&usqp=CAU,https://frameru.com/wp-content/uploads/2021/06/Restaurant-facade-logo-mockup.jpg,10.7662924,106.6974026,30,1,https://media-cdn.tripadvisor.com/media/photo-s/13/e5/43/22/fb-img-1532845074912.jpg,03:45:12,500,1000323,1000103,5,2019-04-28 18:15:05,2019-04-28 18:15:05,
1000079,Sunrise Market (Cannon St),78,Phạm Hồng Thái,1,2,3,"Wish you could ask Sunrise Market customers what's recommended here? If you could, you might expect the answer to be the Ruffles Large Bag 200g, since it's one of the most-ordered items on the entire menu at this late at night go-to.",abc,0123456789,9876543210,3.99-8.99,https://cn-geo1.uber.com/image-proc/resize/eats/format=webp/width=550/height=440/quality=70/srcb64=aHR0cHM6Ly9kMXJhbHNvZ25qbmczNy5jbG91ZGZyb250Lm5ldC9mYTlhODBmNC1iMmViLTRiYjYtOGRjZC0wYmEwZmNmMWM2MmIuanBlZw==,https://encrypted-tbn0.gstatic.com/images?q=tbn:ANd9GcSDbdE3wNH9nQqdx7FDXPgKBYDkCka871-Jpw&usqp=CAU,https://frameru.com/wp-content/uploads/2021/06/Restaurant-facade-logo-mockup.jpg,10.7711278,106.6963607,30,1,https://media-cdn.tripadvisor.com/media/photo-s/13/e5/43/22/fb-img-1532845074912.jpg,03:45:12,500,1000324,1000104,5,2020-05-05 23:27:20,2020-05-05 23:27:20,
1000005,ANYTIME CONVENIENCE,203,Cây Điệp,1,2,3,,abc,0123456789,9876543210,3.97-8.88,https://cn-geo1.uber.com/image-proc/resize/eats/format=webp/width=550/height=440/quality=70/srcb64=aHR0cHM6Ly9kMXJhbHNvZ25qbmczNy5jbG91ZGZyb250Lm5ldC9mOTgwOGJhNi1iY2EzLTQ4ZTYtOTlhMS01MWRlNjU1NzY0YTQuanBlZw==,https://encrypted-tbn0.gstatic.com/images?q=tbn:ANd9GcSDbdE3wNH9nQqdx7FDXPgKBYDkCka871-Jpw&usqp=CAU,https://frameru.com/wp-content/uploads/2021/06/Restaurant-facade-logo-mockup.jpg,10.7894333,106.697559,30,1,https://media-cdn.tripadvisor.com/media/photo-s/13/e5/43/22/fb-img-1532845074912.jpg,03:45:12,500,1000326,1000105,5,2018-04-19 08:41:57,2018-04-19 08:41:57,
1000035,Hasty Market (Kenilworth Ave N),265,Tôn Thất Tùng,1,2,3,Here's one of the 3 most popular Grocery takeout spots in all of Hamilton. One of the most popular items on the menu among Uber Eats users is the Slush Puppie X Large 775ml and the Heluva Good! French Onion Dip 250g and the Ruffles Regular 200g are two of the items most commonly ordered together at this late at night go-to.,abc,0123456789,9876543210,3.99-6.99,https://cn-geo1.uber.com/image-proc/resize/eats/format=webp/width=550/height=440/quality=70/srcb64=aHR0cHM6Ly9kMXJhbHNvZ25qbmczNy5jbG91ZGZyb250Lm5ldC9kNDc2N2NkZS03YzFhLTQ1MDYtOGQ4YS0wZmM4NzZlOGU2YmQuanBlZw==,https://encrypted-tbn0.gstatic.com/images?q=tbn:ANd9GcSDbdE3wNH9nQqdx7FDXPgKBYDkCka871-Jpw&usqp=CAU,https://frameru.com/wp-content/uploads/2021/06/Restaurant-facade-logo-mockup.jpg,10.7706327,106.6879196,30,1,https://media-cdn.tripadvisor.com/media/photo-s/13/e5/43/22/fb-img-1532845074912.jpg,03:45:12,500,1000329,1000106,5,2020-05-09 02:04:04,2020-05-09 02:04:04,
